ISO-10303-21;
HEADER;
/* Generated by software containing ST-Developer
 * from STEP Tools, Inc. (www.steptools.com) 
 */

FILE_DESCRIPTION(
/* description */ ('',
'CAx-IF Rec.Pracs.---Representation and Presentation of Product Manufa
cturing Information (PMI)---4.0---2014-10-13'),
/* implementation_level */ '2;1');

FILE_NAME(
/* name */ 'f6c578d6-1a91-4347-b25f-375e63ab08c7.stp',
/* time_stamp */ '2024-10-25T21:13:33Z',
/* author */ (''),
/* organization */ (''),
/* preprocessor_version */ 'ST-DEVELOPER v20',
/* originating_system */ 'Autodesk Translation Framework v13.20.0.188',

/* authorisation */ '');

FILE_SCHEMA (('AP242_MANAGED_MODEL_BASED_3D_ENGINEERING_MIM_LF { 1 0 10303 442 1 1 4 }'));
ENDSEC;

DATA;
#10=MECHANICAL_DESIGN_GEOMETRIC_PRESENTATION_REPRESENTATION('',(#19,#20),
#2854);
#11=ITEM_DEFINED_TRANSFORMATION($,$,#1770,#1896);
#12=(
REPRESENTATION_RELATIONSHIP($,$,#2865,#2864)
REPRESENTATION_RELATIONSHIP_WITH_TRANSFORMATION(#11)
SHAPE_REPRESENTATION_RELATIONSHIP()
);
#13=CONTEXT_DEPENDENT_SHAPE_REPRESENTATION(#12,#2863);
#14=NEXT_ASSEMBLY_USAGE_OCCURRENCE('Adapterplatine Display Gro\X\DF v3
:1','Adapterplatine Display Gro\X\DF v3:1',
'Adapterplatine Display Gro\X\DF v3:1',#2867,#2868,
'Adapterplatine Display Gro\X\DF v3:1');
#15=SHAPE_REPRESENTATION_RELATIONSHIP('SRR','None',#2865,#17);
#16=SHAPE_REPRESENTATION_RELATIONSHIP('SRR','None',#2864,#18);
#17=ADVANCED_BREP_SHAPE_REPRESENTATION('',(#21),#2853);
#18=ADVANCED_BREP_SHAPE_REPRESENTATION('',(#22),#2852);
#19=STYLED_ITEM('',(#2878),#21);
#20=STYLED_ITEM('',(#2878),#22);
#21=MANIFOLD_SOLID_BREP('Body1',#1755);
#22=MANIFOLD_SOLID_BREP('Body1',#1756);
#23=FACE_BOUND('',#199,.T.);
#24=FACE_BOUND('',#200,.T.);
#25=FACE_BOUND('',#201,.T.);
#26=FACE_BOUND('',#202,.T.);
#27=FACE_BOUND('',#204,.T.);
#28=FACE_BOUND('',#205,.T.);
#29=FACE_BOUND('',#206,.T.);
#30=FACE_BOUND('',#207,.T.);
#31=FACE_BOUND('',#208,.T.);
#32=FACE_BOUND('',#212,.T.);
#33=FACE_BOUND('',#213,.T.);
#34=FACE_BOUND('',#219,.T.);
#35=FACE_BOUND('',#220,.T.);
#36=FACE_BOUND('',#236,.T.);
#37=FACE_BOUND('',#237,.T.);
#38=FACE_BOUND('',#238,.T.);
#39=FACE_BOUND('',#239,.T.);
#40=FACE_BOUND('',#240,.T.);
#41=FACE_BOUND('',#241,.T.);
#42=FACE_BOUND('',#242,.T.);
#43=FACE_BOUND('',#243,.T.);
#44=FACE_BOUND('',#244,.T.);
#45=FACE_BOUND('',#245,.T.);
#46=CIRCLE('',#1777,1.5);
#47=CIRCLE('',#1778,1.5);
#48=CIRCLE('',#1780,1.5);
#49=CIRCLE('',#1781,1.5);
#50=CIRCLE('',#1783,1.49999999999999);
#51=CIRCLE('',#1784,1.49999999999999);
#52=CIRCLE('',#1786,1.5);
#53=CIRCLE('',#1787,1.5);
#54=CIRCLE('',#1797,1.5);
#55=CIRCLE('',#1798,1.5);
#56=CIRCLE('',#1804,1.5);
#57=CIRCLE('',#1805,1.49999999999999);
#58=CIRCLE('',#1821,5.00000000000004);
#59=CIRCLE('',#1822,5.00000000000002);
#60=CIRCLE('',#1823,5.);
#61=CIRCLE('',#1824,5.00000000000001);
#62=CIRCLE('',#1825,1.25);
#63=CIRCLE('',#1826,1.25);
#64=CIRCLE('',#1828,1.25);
#65=CIRCLE('',#1831,1.25);
#66=CIRCLE('',#1837,1.5);
#67=CIRCLE('',#1840,1.5);
#68=CIRCLE('',#1843,1.49999999999999);
#69=CIRCLE('',#1846,1.5);
#70=CIRCLE('',#1884,5.);
#71=CIRCLE('',#1887,5.00000000000002);
#72=CIRCLE('',#1890,5.00000000000004);
#73=CIRCLE('',#1893,5.00000000000001);
#74=CYLINDRICAL_SURFACE('',#1776,1.5);
#75=CYLINDRICAL_SURFACE('',#1779,1.5);
#76=CYLINDRICAL_SURFACE('',#1782,1.49999999999999);
#77=CYLINDRICAL_SURFACE('',#1785,1.5);
#78=CYLINDRICAL_SURFACE('',#1827,1.25);
#79=CYLINDRICAL_SURFACE('',#1830,1.25);
#80=CYLINDRICAL_SURFACE('',#1836,1.5);
#81=CYLINDRICAL_SURFACE('',#1839,1.5);
#82=CYLINDRICAL_SURFACE('',#1842,1.49999999999999);
#83=CYLINDRICAL_SURFACE('',#1845,1.5);
#84=CYLINDRICAL_SURFACE('',#1883,5.);
#85=CYLINDRICAL_SURFACE('',#1886,5.00000000000002);
#86=CYLINDRICAL_SURFACE('',#1889,5.00000000000004);
#87=CYLINDRICAL_SURFACE('',#1892,5.00000000000001);
#88=FACE_OUTER_BOUND('',#185,.T.);
#89=FACE_OUTER_BOUND('',#186,.T.);
#90=FACE_OUTER_BOUND('',#187,.T.);
#91=FACE_OUTER_BOUND('',#188,.T.);
#92=FACE_OUTER_BOUND('',#189,.T.);
#93=FACE_OUTER_BOUND('',#190,.T.);
#94=FACE_OUTER_BOUND('',#191,.T.);
#95=FACE_OUTER_BOUND('',#192,.T.);
#96=FACE_OUTER_BOUND('',#193,.T.);
#97=FACE_OUTER_BOUND('',#194,.T.);
#98=FACE_OUTER_BOUND('',#195,.T.);
#99=FACE_OUTER_BOUND('',#196,.T.);
#100=FACE_OUTER_BOUND('',#197,.T.);
#101=FACE_OUTER_BOUND('',#198,.T.);
#102=FACE_OUTER_BOUND('',#203,.T.);
#103=FACE_OUTER_BOUND('',#209,.T.);
#104=FACE_OUTER_BOUND('',#210,.T.);
#105=FACE_OUTER_BOUND('',#211,.T.);
#106=FACE_OUTER_BOUND('',#214,.T.);
#107=FACE_OUTER_BOUND('',#215,.T.);
#108=FACE_OUTER_BOUND('',#216,.T.);
#109=FACE_OUTER_BOUND('',#217,.T.);
#110=FACE_OUTER_BOUND('',#218,.T.);
#111=FACE_OUTER_BOUND('',#221,.T.);
#112=FACE_OUTER_BOUND('',#222,.T.);
#113=FACE_OUTER_BOUND('',#223,.T.);
#114=FACE_OUTER_BOUND('',#224,.T.);
#115=FACE_OUTER_BOUND('',#225,.T.);
#116=FACE_OUTER_BOUND('',#226,.T.);
#117=FACE_OUTER_BOUND('',#227,.T.);
#118=FACE_OUTER_BOUND('',#228,.T.);
#119=FACE_OUTER_BOUND('',#229,.T.);
#120=FACE_OUTER_BOUND('',#230,.T.);
#121=FACE_OUTER_BOUND('',#231,.T.);
#122=FACE_OUTER_BOUND('',#232,.T.);
#123=FACE_OUTER_BOUND('',#233,.T.);
#124=FACE_OUTER_BOUND('',#234,.T.);
#125=FACE_OUTER_BOUND('',#235,.T.);
#126=FACE_OUTER_BOUND('',#246,.T.);
#127=FACE_OUTER_BOUND('',#247,.T.);
#128=FACE_OUTER_BOUND('',#248,.T.);
#129=FACE_OUTER_BOUND('',#249,.T.);
#130=FACE_OUTER_BOUND('',#250,.T.);
#131=FACE_OUTER_BOUND('',#251,.T.);
#132=FACE_OUTER_BOUND('',#252,.T.);
#133=FACE_OUTER_BOUND('',#253,.T.);
#134=FACE_OUTER_BOUND('',#254,.T.);
#135=FACE_OUTER_BOUND('',#255,.T.);
#136=FACE_OUTER_BOUND('',#256,.T.);
#137=FACE_OUTER_BOUND('',#257,.T.);
#138=FACE_OUTER_BOUND('',#258,.T.);
#139=FACE_OUTER_BOUND('',#259,.T.);
#140=FACE_OUTER_BOUND('',#260,.T.);
#141=FACE_OUTER_BOUND('',#261,.T.);
#142=FACE_OUTER_BOUND('',#262,.T.);
#143=FACE_OUTER_BOUND('',#263,.T.);
#144=FACE_OUTER_BOUND('',#264,.T.);
#145=FACE_OUTER_BOUND('',#265,.T.);
#146=FACE_OUTER_BOUND('',#266,.T.);
#147=FACE_OUTER_BOUND('',#267,.T.);
#148=FACE_OUTER_BOUND('',#268,.T.);
#149=FACE_OUTER_BOUND('',#269,.T.);
#150=FACE_OUTER_BOUND('',#270,.T.);
#151=FACE_OUTER_BOUND('',#271,.T.);
#152=FACE_OUTER_BOUND('',#272,.T.);
#153=FACE_OUTER_BOUND('',#273,.T.);
#154=FACE_OUTER_BOUND('',#274,.T.);
#155=FACE_OUTER_BOUND('',#275,.T.);
#156=FACE_OUTER_BOUND('',#276,.T.);
#157=FACE_OUTER_BOUND('',#277,.T.);
#158=FACE_OUTER_BOUND('',#278,.T.);
#159=FACE_OUTER_BOUND('',#279,.T.);
#160=FACE_OUTER_BOUND('',#280,.T.);
#161=FACE_OUTER_BOUND('',#281,.T.);
#162=FACE_OUTER_BOUND('',#282,.T.);
#163=FACE_OUTER_BOUND('',#283,.T.);
#164=FACE_OUTER_BOUND('',#284,.T.);
#165=FACE_OUTER_BOUND('',#285,.T.);
#166=FACE_OUTER_BOUND('',#286,.T.);
#167=FACE_OUTER_BOUND('',#287,.T.);
#168=FACE_OUTER_BOUND('',#288,.T.);
#169=FACE_OUTER_BOUND('',#289,.T.);
#170=FACE_OUTER_BOUND('',#290,.T.);
#171=FACE_OUTER_BOUND('',#291,.T.);
#172=FACE_OUTER_BOUND('',#292,.T.);
#173=FACE_OUTER_BOUND('',#293,.T.);
#174=FACE_OUTER_BOUND('',#294,.T.);
#175=FACE_OUTER_BOUND('',#295,.T.);
#176=FACE_OUTER_BOUND('',#296,.T.);
#177=FACE_OUTER_BOUND('',#297,.T.);
#178=FACE_OUTER_BOUND('',#298,.T.);
#179=FACE_OUTER_BOUND('',#299,.T.);
#180=FACE_OUTER_BOUND('',#300,.T.);
#181=FACE_OUTER_BOUND('',#301,.T.);
#182=FACE_OUTER_BOUND('',#302,.T.);
#183=FACE_OUTER_BOUND('',#303,.T.);
#184=FACE_OUTER_BOUND('',#304,.T.);
#185=EDGE_LOOP('',(#1107,#1108,#1109,#1110));
#186=EDGE_LOOP('',(#1111,#1112,#1113,#1114));
#187=EDGE_LOOP('',(#1115,#1116,#1117,#1118));
#188=EDGE_LOOP('',(#1119,#1120,#1121,#1122));
#189=EDGE_LOOP('',(#1123,#1124,#1125,#1126));
#190=EDGE_LOOP('',(#1127,#1128,#1129,#1130));
#191=EDGE_LOOP('',(#1131,#1132,#1133,#1134));
#192=EDGE_LOOP('',(#1135,#1136,#1137,#1138));
#193=EDGE_LOOP('',(#1139,#1140,#1141,#1142));
#194=EDGE_LOOP('',(#1143,#1144,#1145,#1146));
#195=EDGE_LOOP('',(#1147,#1148,#1149,#1150));
#196=EDGE_LOOP('',(#1151,#1152,#1153,#1154));
#197=EDGE_LOOP('',(#1155,#1156,#1157,#1158));
#198=EDGE_LOOP('',(#1159,#1160,#1161,#1162));
#199=EDGE_LOOP('',(#1163));
#200=EDGE_LOOP('',(#1164));
#201=EDGE_LOOP('',(#1165));
#202=EDGE_LOOP('',(#1166));
#203=EDGE_LOOP('',(#1167,#1168,#1169,#1170));
#204=EDGE_LOOP('',(#1171,#1172,#1173,#1174));
#205=EDGE_LOOP('',(#1175));
#206=EDGE_LOOP('',(#1176));
#207=EDGE_LOOP('',(#1177));
#208=EDGE_LOOP('',(#1178));
#209=EDGE_LOOP('',(#1179,#1180,#1181,#1182));
#210=EDGE_LOOP('',(#1183,#1184,#1185,#1186));
#211=EDGE_LOOP('',(#1187,#1188,#1189,#1190));
#212=EDGE_LOOP('',(#1191));
#213=EDGE_LOOP('',(#1192));
#214=EDGE_LOOP('',(#1193,#1194,#1195,#1196));
#215=EDGE_LOOP('',(#1197,#1198,#1199,#1200));
#216=EDGE_LOOP('',(#1201,#1202,#1203,#1204));
#217=EDGE_LOOP('',(#1205,#1206,#1207,#1208));
#218=EDGE_LOOP('',(#1209,#1210,#1211,#1212));
#219=EDGE_LOOP('',(#1213));
#220=EDGE_LOOP('',(#1214));
#221=EDGE_LOOP('',(#1215,#1216,#1217,#1218));
#222=EDGE_LOOP('',(#1219,#1220,#1221,#1222));
#223=EDGE_LOOP('',(#1223,#1224,#1225,#1226));
#224=EDGE_LOOP('',(#1227,#1228,#1229,#1230));
#225=EDGE_LOOP('',(#1231,#1232,#1233,#1234));
#226=EDGE_LOOP('',(#1235,#1236,#1237,#1238));
#227=EDGE_LOOP('',(#1239,#1240,#1241,#1242));
#228=EDGE_LOOP('',(#1243,#1244,#1245,#1246));
#229=EDGE_LOOP('',(#1247,#1248,#1249,#1250));
#230=EDGE_LOOP('',(#1251,#1252,#1253,#1254,#1255,#1256,#1257,#1258));
#231=EDGE_LOOP('',(#1259,#1260,#1261,#1262));
#232=EDGE_LOOP('',(#1263,#1264,#1265,#1266,#1267,#1268));
#233=EDGE_LOOP('',(#1269,#1270,#1271,#1272,#1273,#1274));
#234=EDGE_LOOP('',(#1275,#1276,#1277,#1278));
#235=EDGE_LOOP('',(#1279,#1280,#1281,#1282,#1283,#1284,#1285,#1286,#1287,
#1288,#1289,#1290,#1291,#1292,#1293,#1294,#1295,#1296,#1297,#1298));
#236=EDGE_LOOP('',(#1299,#1300,#1301,#1302));
#237=EDGE_LOOP('',(#1303,#1304,#1305,#1306));
#238=EDGE_LOOP('',(#1307,#1308,#1309,#1310));
#239=EDGE_LOOP('',(#1311,#1312,#1313,#1314,#1315,#1316));
#240=EDGE_LOOP('',(#1317,#1318,#1319,#1320));
#241=EDGE_LOOP('',(#1321,#1322,#1323,#1324,#1325,#1326));
#242=EDGE_LOOP('',(#1327,#1328,#1329,#1330,#1331,#1332));
#243=EDGE_LOOP('',(#1333,#1334,#1335,#1336));
#244=EDGE_LOOP('',(#1337));
#245=EDGE_LOOP('',(#1338));
#246=EDGE_LOOP('',(#1339,#1340,#1341,#1342));
#247=EDGE_LOOP('',(#1343));
#248=EDGE_LOOP('',(#1344,#1345,#1346,#1347));
#249=EDGE_LOOP('',(#1348));
#250=EDGE_LOOP('',(#1349,#1350,#1351,#1352));
#251=EDGE_LOOP('',(#1353,#1354,#1355,#1356));
#252=EDGE_LOOP('',(#1357,#1358,#1359,#1360));
#253=EDGE_LOOP('',(#1361,#1362,#1363,#1364));
#254=EDGE_LOOP('',(#1365));
#255=EDGE_LOOP('',(#1366,#1367,#1368,#1369));
#256=EDGE_LOOP('',(#1370));
#257=EDGE_LOOP('',(#1371,#1372,#1373,#1374));
#258=EDGE_LOOP('',(#1375));
#259=EDGE_LOOP('',(#1376,#1377,#1378,#1379));
#260=EDGE_LOOP('',(#1380));
#261=EDGE_LOOP('',(#1381,#1382,#1383,#1384));
#262=EDGE_LOOP('',(#1385,#1386,#1387,#1388));
#263=EDGE_LOOP('',(#1389,#1390,#1391,#1392));
#264=EDGE_LOOP('',(#1393,#1394,#1395,#1396));
#265=EDGE_LOOP('',(#1397,#1398,#1399,#1400));
#266=EDGE_LOOP('',(#1401,#1402,#1403,#1404));
#267=EDGE_LOOP('',(#1405,#1406,#1407,#1408,#1409,#1410));
#268=EDGE_LOOP('',(#1411,#1412,#1413,#1414));
#269=EDGE_LOOP('',(#1415,#1416,#1417,#1418));
#270=EDGE_LOOP('',(#1419,#1420,#1421,#1422));
#271=EDGE_LOOP('',(#1423,#1424,#1425,#1426));
#272=EDGE_LOOP('',(#1427,#1428,#1429,#1430));
#273=EDGE_LOOP('',(#1431,#1432,#1433,#1434));
#274=EDGE_LOOP('',(#1435,#1436,#1437,#1438));
#275=EDGE_LOOP('',(#1439,#1440,#1441,#1442));
#276=EDGE_LOOP('',(#1443,#1444,#1445,#1446));
#277=EDGE_LOOP('',(#1447,#1448,#1449,#1450));
#278=EDGE_LOOP('',(#1451,#1452,#1453,#1454));
#279=EDGE_LOOP('',(#1455,#1456,#1457,#1458,#1459,#1460));
#280=EDGE_LOOP('',(#1461,#1462,#1463,#1464));
#281=EDGE_LOOP('',(#1465,#1466,#1467,#1468));
#282=EDGE_LOOP('',(#1469,#1470,#1471,#1472));
#283=EDGE_LOOP('',(#1473,#1474,#1475,#1476));
#284=EDGE_LOOP('',(#1477,#1478,#1479,#1480));
#285=EDGE_LOOP('',(#1481,#1482,#1483,#1484));
#286=EDGE_LOOP('',(#1485,#1486,#1487,#1488,#1489,#1490));
#287=EDGE_LOOP('',(#1491,#1492,#1493,#1494));
#288=EDGE_LOOP('',(#1495,#1496,#1497,#1498));
#289=EDGE_LOOP('',(#1499,#1500,#1501,#1502));
#290=EDGE_LOOP('',(#1503,#1504,#1505,#1506));
#291=EDGE_LOOP('',(#1507,#1508,#1509,#1510));
#292=EDGE_LOOP('',(#1511,#1512,#1513,#1514));
#293=EDGE_LOOP('',(#1515,#1516,#1517,#1518));
#294=EDGE_LOOP('',(#1519,#1520,#1521,#1522));
#295=EDGE_LOOP('',(#1523,#1524,#1525,#1526));
#296=EDGE_LOOP('',(#1527,#1528,#1529,#1530));
#297=EDGE_LOOP('',(#1531,#1532,#1533,#1534));
#298=EDGE_LOOP('',(#1535,#1536,#1537,#1538));
#299=EDGE_LOOP('',(#1539,#1540,#1541,#1542));
#300=EDGE_LOOP('',(#1543,#1544,#1545,#1546));
#301=EDGE_LOOP('',(#1547,#1548,#1549,#1550,#1551,#1552,#1553,#1554));
#302=EDGE_LOOP('',(#1555,#1556,#1557,#1558));
#303=EDGE_LOOP('',(#1559,#1560,#1561,#1562));
#304=EDGE_LOOP('',(#1563,#1564,#1565,#1566,#1567,#1568,#1569,#1570,#1571,
#1572,#1573,#1574));
#305=LINE('',#2364,#511);
#306=LINE('',#2366,#512);
#307=LINE('',#2368,#513);
#308=LINE('',#2369,#514);
#309=LINE('',#2372,#515);
#310=LINE('',#2374,#516);
#311=LINE('',#2375,#517);
#312=LINE('',#2378,#518);
#313=LINE('',#2380,#519);
#314=LINE('',#2381,#520);
#315=LINE('',#2383,#521);
#316=LINE('',#2384,#522);
#317=LINE('',#2390,#523);
#318=LINE('',#2396,#524);
#319=LINE('',#2402,#525);
#320=LINE('',#2408,#526);
#321=LINE('',#2413,#527);
#322=LINE('',#2415,#528);
#323=LINE('',#2417,#529);
#324=LINE('',#2418,#530);
#325=LINE('',#2421,#531);
#326=LINE('',#2423,#532);
#327=LINE('',#2424,#533);
#328=LINE('',#2427,#534);
#329=LINE('',#2429,#535);
#330=LINE('',#2430,#536);
#331=LINE('',#2432,#537);
#332=LINE('',#2433,#538);
#333=LINE('',#2439,#539);
#334=LINE('',#2441,#540);
#335=LINE('',#2443,#541);
#336=LINE('',#2444,#542);
#337=LINE('',#2447,#543);
#338=LINE('',#2449,#544);
#339=LINE('',#2450,#545);
#340=LINE('',#2453,#546);
#341=LINE('',#2454,#547);
#342=LINE('',#2461,#548);
#343=LINE('',#2462,#549);
#344=LINE('',#2464,#550);
#345=LINE('',#2468,#551);
#346=LINE('',#2470,#552);
#347=LINE('',#2472,#553);
#348=LINE('',#2473,#554);
#349=LINE('',#2476,#555);
#350=LINE('',#2478,#556);
#351=LINE('',#2479,#557);
#352=LINE('',#2482,#558);
#353=LINE('',#2483,#559);
#354=LINE('',#2490,#560);
#355=LINE('',#2491,#561);
#356=LINE('',#2493,#562);
#357=LINE('',#2497,#563);
#358=LINE('',#2499,#564);
#359=LINE('',#2501,#565);
#360=LINE('',#2502,#566);
#361=LINE('',#2505,#567);
#362=LINE('',#2507,#568);
#363=LINE('',#2508,#569);
#364=LINE('',#2511,#570);
#365=LINE('',#2513,#571);
#366=LINE('',#2514,#572);
#367=LINE('',#2516,#573);
#368=LINE('',#2517,#574);
#369=LINE('',#2522,#575);
#370=LINE('',#2524,#576);
#371=LINE('',#2526,#577);
#372=LINE('',#2527,#578);
#373=LINE('',#2530,#579);
#374=LINE('',#2532,#580);
#375=LINE('',#2533,#581);
#376=LINE('',#2536,#582);
#377=LINE('',#2538,#583);
#378=LINE('',#2540,#584);
#379=LINE('',#2542,#585);
#380=LINE('',#2544,#586);
#381=LINE('',#2546,#587);
#382=LINE('',#2547,#588);
#383=LINE('',#2551,#589);
#384=LINE('',#2553,#590);
#385=LINE('',#2555,#591);
#386=LINE('',#2556,#592);
#387=LINE('',#2558,#593);
#388=LINE('',#2559,#594);
#389=LINE('',#2561,#595);
#390=LINE('',#2562,#596);
#391=LINE('',#2566,#597);
#392=LINE('',#2568,#598);
#393=LINE('',#2572,#599);
#394=LINE('',#2576,#600);
#395=LINE('',#2580,#601);
#396=LINE('',#2582,#602);
#397=LINE('',#2584,#603);
#398=LINE('',#2586,#604);
#399=LINE('',#2588,#605);
#400=LINE('',#2592,#606);
#401=LINE('',#2593,#607);
#402=LINE('',#2596,#608);
#403=LINE('',#2598,#609);
#404=LINE('',#2600,#610);
#405=LINE('',#2602,#611);
#406=LINE('',#2604,#612);
#407=LINE('',#2605,#613);
#408=LINE('',#2608,#614);
#409=LINE('',#2610,#615);
#410=LINE('',#2612,#616);
#411=LINE('',#2613,#617);
#412=LINE('',#2616,#618);
#413=LINE('',#2618,#619);
#414=LINE('',#2620,#620);
#415=LINE('',#2622,#621);
#416=LINE('',#2624,#622);
#417=LINE('',#2625,#623);
#418=LINE('',#2628,#624);
#419=LINE('',#2630,#625);
#420=LINE('',#2632,#626);
#421=LINE('',#2634,#627);
#422=LINE('',#2636,#628);
#423=LINE('',#2637,#629);
#424=LINE('',#2640,#630);
#425=LINE('',#2642,#631);
#426=LINE('',#2644,#632);
#427=LINE('',#2645,#633);
#428=LINE('',#2653,#634);
#429=LINE('',#2658,#635);
#430=LINE('',#2662,#636);
#431=LINE('',#2663,#637);
#432=LINE('',#2666,#638);
#433=LINE('',#2667,#639);
#434=LINE('',#2669,#640);
#435=LINE('',#2673,#641);
#436=LINE('',#2678,#642);
#437=LINE('',#2683,#643);
#438=LINE('',#2688,#644);
#439=LINE('',#2692,#645);
#440=LINE('',#2694,#646);
#441=LINE('',#2695,#647);
#442=LINE('',#2698,#648);
#443=LINE('',#2699,#649);
#444=LINE('',#2702,#650);
#445=LINE('',#2703,#651);
#446=LINE('',#2706,#652);
#447=LINE('',#2707,#653);
#448=LINE('',#2710,#654);
#449=LINE('',#2711,#655);
#450=LINE('',#2713,#656);
#451=LINE('',#2717,#657);
#452=LINE('',#2719,#658);
#453=LINE('',#2720,#659);
#454=LINE('',#2723,#660);
#455=LINE('',#2724,#661);
#456=LINE('',#2727,#662);
#457=LINE('',#2728,#663);
#458=LINE('',#2730,#664);
#459=LINE('',#2734,#665);
#460=LINE('',#2736,#666);
#461=LINE('',#2737,#667);
#462=LINE('',#2740,#668);
#463=LINE('',#2741,#669);
#464=LINE('',#2744,#670);
#465=LINE('',#2745,#671);
#466=LINE('',#2748,#672);
#467=LINE('',#2749,#673);
#468=LINE('',#2752,#674);
#469=LINE('',#2753,#675);
#470=LINE('',#2755,#676);
#471=LINE('',#2759,#677);
#472=LINE('',#2761,#678);
#473=LINE('',#2762,#679);
#474=LINE('',#2765,#680);
#475=LINE('',#2766,#681);
#476=LINE('',#2769,#682);
#477=LINE('',#2770,#683);
#478=LINE('',#2773,#684);
#479=LINE('',#2774,#685);
#480=LINE('',#2777,#686);
#481=LINE('',#2778,#687);
#482=LINE('',#2780,#688);
#483=LINE('',#2784,#689);
#484=LINE('',#2786,#690);
#485=LINE('',#2787,#691);
#486=LINE('',#2790,#692);
#487=LINE('',#2791,#693);
#488=LINE('',#2794,#694);
#489=LINE('',#2795,#695);
#490=LINE('',#2797,#696);
#491=LINE('',#2802,#697);
#492=LINE('',#2803,#698);
#493=LINE('',#2804,#699);
#494=LINE('',#2807,#700);
#495=LINE('',#2808,#701);
#496=LINE('',#2811,#702);
#497=LINE('',#2812,#703);
#498=LINE('',#2815,#704);
#499=LINE('',#2816,#705);
#500=LINE('',#2820,#706);
#501=LINE('',#2823,#707);
#502=LINE('',#2824,#708);
#503=LINE('',#2828,#709);
#504=LINE('',#2831,#710);
#505=LINE('',#2832,#711);
#506=LINE('',#2836,#712);
#507=LINE('',#2839,#713);
#508=LINE('',#2840,#714);
#509=LINE('',#2844,#715);
#510=LINE('',#2846,#716);
#511=VECTOR('',#1903,10.);
#512=VECTOR('',#1904,10.);
#513=VECTOR('',#1905,10.);
#514=VECTOR('',#1906,10.);
#515=VECTOR('',#1909,10.);
#516=VECTOR('',#1910,10.);
#517=VECTOR('',#1911,10.);
#518=VECTOR('',#1914,10.);
#519=VECTOR('',#1915,10.);
#520=VECTOR('',#1916,10.);
#521=VECTOR('',#1919,10.);
#522=VECTOR('',#1920,10.);
#523=VECTOR('',#1927,1.5);
#524=VECTOR('',#1934,1.5);
#525=VECTOR('',#1941,1.49999999999999);
#526=VECTOR('',#1948,1.5);
#527=VECTOR('',#1953,10.);
#528=VECTOR('',#1954,10.);
#529=VECTOR('',#1955,10.);
#530=VECTOR('',#1956,10.);
#531=VECTOR('',#1959,10.);
#532=VECTOR('',#1960,10.);
#533=VECTOR('',#1961,10.);
#534=VECTOR('',#1964,10.);
#535=VECTOR('',#1965,10.);
#536=VECTOR('',#1966,10.);
#537=VECTOR('',#1969,10.);
#538=VECTOR('',#1970,10.);
#539=VECTOR('',#1977,10.);
#540=VECTOR('',#1978,10.);
#541=VECTOR('',#1979,10.);
#542=VECTOR('',#1980,10.);
#543=VECTOR('',#1983,10.);
#544=VECTOR('',#1984,10.);
#545=VECTOR('',#1985,10.);
#546=VECTOR('',#1988,10.);
#547=VECTOR('',#1989,10.);
#548=VECTOR('',#1996,10.);
#549=VECTOR('',#1997,10.);
#550=VECTOR('',#2000,10.);
#551=VECTOR('',#2003,10.);
#552=VECTOR('',#2004,10.);
#553=VECTOR('',#2005,10.);
#554=VECTOR('',#2006,10.);
#555=VECTOR('',#2009,10.);
#556=VECTOR('',#2010,10.);
#557=VECTOR('',#2011,10.);
#558=VECTOR('',#2014,10.);
#559=VECTOR('',#2015,10.);
#560=VECTOR('',#2022,10.);
#561=VECTOR('',#2023,10.);
#562=VECTOR('',#2026,10.);
#563=VECTOR('',#2029,10.);
#564=VECTOR('',#2030,10.);
#565=VECTOR('',#2031,10.);
#566=VECTOR('',#2032,10.);
#567=VECTOR('',#2035,10.);
#568=VECTOR('',#2036,10.);
#569=VECTOR('',#2037,10.);
#570=VECTOR('',#2040,10.);
#571=VECTOR('',#2041,10.);
#572=VECTOR('',#2042,10.);
#573=VECTOR('',#2045,10.);
#574=VECTOR('',#2046,10.);
#575=VECTOR('',#2051,10.);
#576=VECTOR('',#2052,10.);
#577=VECTOR('',#2053,10.);
#578=VECTOR('',#2054,10.);
#579=VECTOR('',#2057,10.);
#580=VECTOR('',#2058,10.);
#581=VECTOR('',#2059,10.);
#582=VECTOR('',#2062,10.);
#583=VECTOR('',#2063,10.);
#584=VECTOR('',#2064,10.);
#585=VECTOR('',#2065,10.);
#586=VECTOR('',#2066,10.);
#587=VECTOR('',#2067,10.);
#588=VECTOR('',#2068,10.);
#589=VECTOR('',#2071,10.);
#590=VECTOR('',#2072,10.);
#591=VECTOR('',#2073,10.);
#592=VECTOR('',#2074,10.);
#593=VECTOR('',#2077,10.);
#594=VECTOR('',#2078,10.);
#595=VECTOR('',#2081,10.);
#596=VECTOR('',#2082,10.);
#597=VECTOR('',#2087,10.);
#598=VECTOR('',#2088,10.);
#599=VECTOR('',#2091,10.);
#600=VECTOR('',#2094,10.);
#601=VECTOR('',#2097,10.);
#602=VECTOR('',#2098,10.);
#603=VECTOR('',#2099,10.);
#604=VECTOR('',#2100,10.);
#605=VECTOR('',#2101,10.);
#606=VECTOR('',#2104,10.);
#607=VECTOR('',#2105,10.);
#608=VECTOR('',#2106,10.);
#609=VECTOR('',#2107,10.);
#610=VECTOR('',#2108,10.);
#611=VECTOR('',#2109,10.);
#612=VECTOR('',#2110,10.);
#613=VECTOR('',#2111,10.);
#614=VECTOR('',#2112,10.);
#615=VECTOR('',#2113,10.);
#616=VECTOR('',#2114,10.);
#617=VECTOR('',#2115,10.);
#618=VECTOR('',#2116,10.);
#619=VECTOR('',#2117,10.);
#620=VECTOR('',#2118,10.);
#621=VECTOR('',#2119,10.);
#622=VECTOR('',#2120,10.);
#623=VECTOR('',#2121,10.);
#624=VECTOR('',#2122,10.);
#625=VECTOR('',#2123,10.);
#626=VECTOR('',#2124,10.);
#627=VECTOR('',#2125,10.);
#628=VECTOR('',#2126,10.);
#629=VECTOR('',#2127,10.);
#630=VECTOR('',#2128,10.);
#631=VECTOR('',#2129,10.);
#632=VECTOR('',#2130,10.);
#633=VECTOR('',#2131,10.);
#634=VECTOR('',#2140,1.25);
#635=VECTOR('',#2147,1.25);
#636=VECTOR('',#2152,10.);
#637=VECTOR('',#2153,10.);
#638=VECTOR('',#2156,10.);
#639=VECTOR('',#2157,10.);
#640=VECTOR('',#2160,10.);
#641=VECTOR('',#2165,1.5);
#642=VECTOR('',#2172,1.5);
#643=VECTOR('',#2179,1.49999999999999);
#644=VECTOR('',#2186,1.5);
#645=VECTOR('',#2191,10.);
#646=VECTOR('',#2192,10.);
#647=VECTOR('',#2193,10.);
#648=VECTOR('',#2196,10.);
#649=VECTOR('',#2197,10.);
#650=VECTOR('',#2200,10.);
#651=VECTOR('',#2201,10.);
#652=VECTOR('',#2204,10.);
#653=VECTOR('',#2205,10.);
#654=VECTOR('',#2208,10.);
#655=VECTOR('',#2209,10.);
#656=VECTOR('',#2212,10.);
#657=VECTOR('',#2217,10.);
#658=VECTOR('',#2218,10.);
#659=VECTOR('',#2219,10.);
#660=VECTOR('',#2222,10.);
#661=VECTOR('',#2223,10.);
#662=VECTOR('',#2226,10.);
#663=VECTOR('',#2227,10.);
#664=VECTOR('',#2230,10.);
#665=VECTOR('',#2235,10.);
#666=VECTOR('',#2236,10.);
#667=VECTOR('',#2237,10.);
#668=VECTOR('',#2240,10.);
#669=VECTOR('',#2241,10.);
#670=VECTOR('',#2244,10.);
#671=VECTOR('',#2245,10.);
#672=VECTOR('',#2248,10.);
#673=VECTOR('',#2249,10.);
#674=VECTOR('',#2252,10.);
#675=VECTOR('',#2253,10.);
#676=VECTOR('',#2256,10.);
#677=VECTOR('',#2261,10.);
#678=VECTOR('',#2262,10.);
#679=VECTOR('',#2263,10.);
#680=VECTOR('',#2266,10.);
#681=VECTOR('',#2267,10.);
#682=VECTOR('',#2270,10.);
#683=VECTOR('',#2271,10.);
#684=VECTOR('',#2274,10.);
#685=VECTOR('',#2275,10.);
#686=VECTOR('',#2278,10.);
#687=VECTOR('',#2279,10.);
#688=VECTOR('',#2282,10.);
#689=VECTOR('',#2287,10.);
#690=VECTOR('',#2288,10.);
#691=VECTOR('',#2289,10.);
#692=VECTOR('',#2292,10.);
#693=VECTOR('',#2293,10.);
#694=VECTOR('',#2296,10.);
#695=VECTOR('',#2297,10.);
#696=VECTOR('',#2300,10.);
#697=VECTOR('',#2305,10.);
#698=VECTOR('',#2306,10.);
#699=VECTOR('',#2307,10.);
#700=VECTOR('',#2310,10.);
#701=VECTOR('',#2311,10.);
#702=VECTOR('',#2314,10.);
#703=VECTOR('',#2315,10.);
#704=VECTOR('',#2318,10.);
#705=VECTOR('',#2319,10.);
#706=VECTOR('',#2324,10.);
#707=VECTOR('',#2327,10.);
#708=VECTOR('',#2328,10.);
#709=VECTOR('',#2333,10.);
#710=VECTOR('',#2336,10.);
#711=VECTOR('',#2337,10.);
#712=VECTOR('',#2342,10.);
#713=VECTOR('',#2345,10.);
#714=VECTOR('',#2346,10.);
#715=VECTOR('',#2351,10.);
#716=VECTOR('',#2354,10.);
#717=VERTEX_POINT('',#2362);
#718=VERTEX_POINT('',#2363);
#719=VERTEX_POINT('',#2365);
#720=VERTEX_POINT('',#2367);
#721=VERTEX_POINT('',#2371);
#722=VERTEX_POINT('',#2373);
#723=VERTEX_POINT('',#2377);
#724=VERTEX_POINT('',#2379);
#725=VERTEX_POINT('',#2387);
#726=VERTEX_POINT('',#2389);
#727=VERTEX_POINT('',#2393);
#728=VERTEX_POINT('',#2395);
#729=VERTEX_POINT('',#2399);
#730=VERTEX_POINT('',#2401);
#731=VERTEX_POINT('',#2405);
#732=VERTEX_POINT('',#2407);
#733=VERTEX_POINT('',#2411);
#734=VERTEX_POINT('',#2412);
#735=VERTEX_POINT('',#2414);
#736=VERTEX_POINT('',#2416);
#737=VERTEX_POINT('',#2420);
#738=VERTEX_POINT('',#2422);
#739=VERTEX_POINT('',#2426);
#740=VERTEX_POINT('',#2428);
#741=VERTEX_POINT('',#2437);
#742=VERTEX_POINT('',#2438);
#743=VERTEX_POINT('',#2440);
#744=VERTEX_POINT('',#2442);
#745=VERTEX_POINT('',#2446);
#746=VERTEX_POINT('',#2448);
#747=VERTEX_POINT('',#2452);
#748=VERTEX_POINT('',#2455);
#749=VERTEX_POINT('',#2457);
#750=VERTEX_POINT('',#2460);
#751=VERTEX_POINT('',#2466);
#752=VERTEX_POINT('',#2467);
#753=VERTEX_POINT('',#2469);
#754=VERTEX_POINT('',#2471);
#755=VERTEX_POINT('',#2475);
#756=VERTEX_POINT('',#2477);
#757=VERTEX_POINT('',#2481);
#758=VERTEX_POINT('',#2484);
#759=VERTEX_POINT('',#2486);
#760=VERTEX_POINT('',#2489);
#761=VERTEX_POINT('',#2495);
#762=VERTEX_POINT('',#2496);
#763=VERTEX_POINT('',#2498);
#764=VERTEX_POINT('',#2500);
#765=VERTEX_POINT('',#2504);
#766=VERTEX_POINT('',#2506);
#767=VERTEX_POINT('',#2510);
#768=VERTEX_POINT('',#2512);
#769=VERTEX_POINT('',#2520);
#770=VERTEX_POINT('',#2521);
#771=VERTEX_POINT('',#2523);
#772=VERTEX_POINT('',#2525);
#773=VERTEX_POINT('',#2529);
#774=VERTEX_POINT('',#2531);
#775=VERTEX_POINT('',#2535);
#776=VERTEX_POINT('',#2537);
#777=VERTEX_POINT('',#2539);
#778=VERTEX_POINT('',#2541);
#779=VERTEX_POINT('',#2543);
#780=VERTEX_POINT('',#2545);
#781=VERTEX_POINT('',#2549);
#782=VERTEX_POINT('',#2550);
#783=VERTEX_POINT('',#2552);
#784=VERTEX_POINT('',#2554);
#785=VERTEX_POINT('',#2565);
#786=VERTEX_POINT('',#2567);
#787=VERTEX_POINT('',#2569);
#788=VERTEX_POINT('',#2571);
#789=VERTEX_POINT('',#2573);
#790=VERTEX_POINT('',#2575);
#791=VERTEX_POINT('',#2577);
#792=VERTEX_POINT('',#2579);
#793=VERTEX_POINT('',#2581);
#794=VERTEX_POINT('',#2583);
#795=VERTEX_POINT('',#2585);
#796=VERTEX_POINT('',#2587);
#797=VERTEX_POINT('',#2589);
#798=VERTEX_POINT('',#2591);
#799=VERTEX_POINT('',#2594);
#800=VERTEX_POINT('',#2595);
#801=VERTEX_POINT('',#2597);
#802=VERTEX_POINT('',#2599);
#803=VERTEX_POINT('',#2601);
#804=VERTEX_POINT('',#2603);
#805=VERTEX_POINT('',#2606);
#806=VERTEX_POINT('',#2607);
#807=VERTEX_POINT('',#2609);
#808=VERTEX_POINT('',#2611);
#809=VERTEX_POINT('',#2614);
#810=VERTEX_POINT('',#2615);
#811=VERTEX_POINT('',#2617);
#812=VERTEX_POINT('',#2619);
#813=VERTEX_POINT('',#2621);
#814=VERTEX_POINT('',#2623);
#815=VERTEX_POINT('',#2626);
#816=VERTEX_POINT('',#2627);
#817=VERTEX_POINT('',#2629);
#818=VERTEX_POINT('',#2631);
#819=VERTEX_POINT('',#2633);
#820=VERTEX_POINT('',#2635);
#821=VERTEX_POINT('',#2638);
#822=VERTEX_POINT('',#2639);
#823=VERTEX_POINT('',#2641);
#824=VERTEX_POINT('',#2643);
#825=VERTEX_POINT('',#2646);
#826=VERTEX_POINT('',#2648);
#827=VERTEX_POINT('',#2651);
#828=VERTEX_POINT('',#2656);
#829=VERTEX_POINT('',#2661);
#830=VERTEX_POINT('',#2665);
#831=VERTEX_POINT('',#2671);
#832=VERTEX_POINT('',#2676);
#833=VERTEX_POINT('',#2681);
#834=VERTEX_POINT('',#2686);
#835=VERTEX_POINT('',#2691);
#836=VERTEX_POINT('',#2693);
#837=VERTEX_POINT('',#2697);
#838=VERTEX_POINT('',#2701);
#839=VERTEX_POINT('',#2705);
#840=VERTEX_POINT('',#2709);
#841=VERTEX_POINT('',#2716);
#842=VERTEX_POINT('',#2718);
#843=VERTEX_POINT('',#2722);
#844=VERTEX_POINT('',#2726);
#845=VERTEX_POINT('',#2733);
#846=VERTEX_POINT('',#2735);
#847=VERTEX_POINT('',#2739);
#848=VERTEX_POINT('',#2743);
#849=VERTEX_POINT('',#2747);
#850=VERTEX_POINT('',#2751);
#851=VERTEX_POINT('',#2758);
#852=VERTEX_POINT('',#2760);
#853=VERTEX_POINT('',#2764);
#854=VERTEX_POINT('',#2768);
#855=VERTEX_POINT('',#2772);
#856=VERTEX_POINT('',#2776);
#857=VERTEX_POINT('',#2783);
#858=VERTEX_POINT('',#2785);
#859=VERTEX_POINT('',#2789);
#860=VERTEX_POINT('',#2793);
#861=VERTEX_POINT('',#2800);
#862=VERTEX_POINT('',#2801);
#863=VERTEX_POINT('',#2806);
#864=VERTEX_POINT('',#2810);
#865=VERTEX_POINT('',#2814);
#866=VERTEX_POINT('',#2818);
#867=VERTEX_POINT('',#2822);
#868=VERTEX_POINT('',#2826);
#869=VERTEX_POINT('',#2830);
#870=VERTEX_POINT('',#2834);
#871=VERTEX_POINT('',#2838);
#872=VERTEX_POINT('',#2842);
#873=EDGE_CURVE('',#717,#718,#305,.T.);
#874=EDGE_CURVE('',#717,#719,#306,.T.);
#875=EDGE_CURVE('',#720,#719,#307,.T.);
#876=EDGE_CURVE('',#718,#720,#308,.T.);
#877=EDGE_CURVE('',#718,#721,#309,.T.);
#878=EDGE_CURVE('',#722,#720,#310,.T.);
#879=EDGE_CURVE('',#721,#722,#311,.T.);
#880=EDGE_CURVE('',#721,#723,#312,.T.);
#881=EDGE_CURVE('',#724,#722,#313,.T.);
#882=EDGE_CURVE('',#723,#724,#314,.T.);
#883=EDGE_CURVE('',#723,#717,#315,.T.);
#884=EDGE_CURVE('',#719,#724,#316,.T.);
#885=EDGE_CURVE('',#725,#725,#46,.T.);
#886=EDGE_CURVE('',#725,#726,#317,.T.);
#887=EDGE_CURVE('',#726,#726,#47,.T.);
#888=EDGE_CURVE('',#727,#727,#48,.T.);
#889=EDGE_CURVE('',#727,#728,#318,.T.);
#890=EDGE_CURVE('',#728,#728,#49,.T.);
#891=EDGE_CURVE('',#729,#729,#50,.T.);
#892=EDGE_CURVE('',#729,#730,#319,.T.);
#893=EDGE_CURVE('',#730,#730,#51,.T.);
#894=EDGE_CURVE('',#731,#731,#52,.T.);
#895=EDGE_CURVE('',#731,#732,#320,.T.);
#896=EDGE_CURVE('',#732,#732,#53,.T.);
#897=EDGE_CURVE('',#733,#734,#321,.T.);
#898=EDGE_CURVE('',#734,#735,#322,.T.);
#899=EDGE_CURVE('',#736,#735,#323,.T.);
#900=EDGE_CURVE('',#733,#736,#324,.T.);
#901=EDGE_CURVE('',#737,#733,#325,.T.);
#902=EDGE_CURVE('',#738,#736,#326,.T.);
#903=EDGE_CURVE('',#737,#738,#327,.T.);
#904=EDGE_CURVE('',#739,#737,#328,.T.);
#905=EDGE_CURVE('',#740,#738,#329,.T.);
#906=EDGE_CURVE('',#739,#740,#330,.T.);
#907=EDGE_CURVE('',#734,#739,#331,.T.);
#908=EDGE_CURVE('',#735,#740,#332,.T.);
#909=EDGE_CURVE('',#741,#742,#333,.T.);
#910=EDGE_CURVE('',#741,#743,#334,.T.);
#911=EDGE_CURVE('',#744,#743,#335,.T.);
#912=EDGE_CURVE('',#742,#744,#336,.T.);
#913=EDGE_CURVE('',#745,#741,#337,.T.);
#914=EDGE_CURVE('',#745,#746,#338,.T.);
#915=EDGE_CURVE('',#743,#746,#339,.T.);
#916=EDGE_CURVE('',#746,#747,#340,.T.);
#917=EDGE_CURVE('',#747,#744,#341,.T.);
#918=EDGE_CURVE('',#748,#748,#54,.T.);
#919=EDGE_CURVE('',#749,#749,#55,.T.);
#920=EDGE_CURVE('',#742,#750,#342,.T.);
#921=EDGE_CURVE('',#750,#747,#343,.T.);
#922=EDGE_CURVE('',#750,#745,#344,.T.);
#923=EDGE_CURVE('',#751,#752,#345,.T.);
#924=EDGE_CURVE('',#751,#753,#346,.T.);
#925=EDGE_CURVE('',#754,#753,#347,.T.);
#926=EDGE_CURVE('',#752,#754,#348,.T.);
#927=EDGE_CURVE('',#755,#751,#349,.T.);
#928=EDGE_CURVE('',#755,#756,#350,.T.);
#929=EDGE_CURVE('',#753,#756,#351,.T.);
#930=EDGE_CURVE('',#756,#757,#352,.T.);
#931=EDGE_CURVE('',#757,#754,#353,.T.);
#932=EDGE_CURVE('',#758,#758,#56,.T.);
#933=EDGE_CURVE('',#759,#759,#57,.T.);
#934=EDGE_CURVE('',#752,#760,#354,.T.);
#935=EDGE_CURVE('',#760,#757,#355,.T.);
#936=EDGE_CURVE('',#760,#755,#356,.T.);
#937=EDGE_CURVE('',#761,#762,#357,.T.);
#938=EDGE_CURVE('',#761,#763,#358,.T.);
#939=EDGE_CURVE('',#764,#763,#359,.T.);
#940=EDGE_CURVE('',#762,#764,#360,.T.);
#941=EDGE_CURVE('',#765,#761,#361,.T.);
#942=EDGE_CURVE('',#765,#766,#362,.T.);
#943=EDGE_CURVE('',#763,#766,#363,.T.);
#944=EDGE_CURVE('',#762,#767,#364,.T.);
#945=EDGE_CURVE('',#768,#764,#365,.T.);
#946=EDGE_CURVE('',#767,#768,#366,.T.);
#947=EDGE_CURVE('',#767,#765,#367,.T.);
#948=EDGE_CURVE('',#766,#768,#368,.T.);
#949=EDGE_CURVE('',#769,#770,#369,.T.);
#950=EDGE_CURVE('',#769,#771,#370,.T.);
#951=EDGE_CURVE('',#772,#771,#371,.T.);
#952=EDGE_CURVE('',#770,#772,#372,.T.);
#953=EDGE_CURVE('',#770,#773,#373,.T.);
#954=EDGE_CURVE('',#774,#773,#374,.T.);
#955=EDGE_CURVE('',#774,#769,#375,.T.);
#956=EDGE_CURVE('',#775,#773,#376,.T.);
#957=EDGE_CURVE('',#776,#775,#377,.T.);
#958=EDGE_CURVE('',#776,#777,#378,.T.);
#959=EDGE_CURVE('',#778,#777,#379,.T.);
#960=EDGE_CURVE('',#779,#778,#380,.T.);
#961=EDGE_CURVE('',#780,#779,#381,.T.);
#962=EDGE_CURVE('',#780,#774,#382,.T.);
#963=EDGE_CURVE('',#781,#782,#383,.T.);
#964=EDGE_CURVE('',#781,#783,#384,.T.);
#965=EDGE_CURVE('',#784,#783,#385,.T.);
#966=EDGE_CURVE('',#782,#784,#386,.T.);
#967=EDGE_CURVE('',#782,#780,#387,.T.);
#968=EDGE_CURVE('',#771,#784,#388,.T.);
#969=EDGE_CURVE('',#775,#781,#389,.T.);
#970=EDGE_CURVE('',#783,#772,#390,.T.);
#971=EDGE_CURVE('',#779,#785,#391,.T.);
#972=EDGE_CURVE('',#785,#786,#392,.T.);
#973=EDGE_CURVE('',#786,#787,#58,.T.);
#974=EDGE_CURVE('',#787,#788,#393,.T.);
#975=EDGE_CURVE('',#788,#789,#59,.T.);
#976=EDGE_CURVE('',#789,#790,#394,.T.);
#977=EDGE_CURVE('',#790,#791,#60,.T.);
#978=EDGE_CURVE('',#791,#792,#395,.T.);
#979=EDGE_CURVE('',#792,#793,#396,.T.);
#980=EDGE_CURVE('',#793,#794,#397,.T.);
#981=EDGE_CURVE('',#794,#795,#398,.T.);
#982=EDGE_CURVE('',#795,#796,#399,.T.);
#983=EDGE_CURVE('',#796,#797,#61,.T.);
#984=EDGE_CURVE('',#797,#798,#400,.T.);
#985=EDGE_CURVE('',#798,#776,#401,.T.);
#986=EDGE_CURVE('',#799,#800,#402,.T.);
#987=EDGE_CURVE('',#800,#801,#403,.T.);
#988=EDGE_CURVE('',#801,#802,#404,.T.);
#989=EDGE_CURVE('',#802,#803,#405,.T.);
#990=EDGE_CURVE('',#803,#804,#406,.T.);
#991=EDGE_CURVE('',#804,#799,#407,.T.);
#992=EDGE_CURVE('',#805,#806,#408,.T.);
#993=EDGE_CURVE('',#806,#807,#409,.T.);
#994=EDGE_CURVE('',#807,#808,#410,.T.);
#995=EDGE_CURVE('',#808,#805,#411,.T.);
#996=EDGE_CURVE('',#809,#810,#412,.T.);
#997=EDGE_CURVE('',#810,#811,#413,.T.);
#998=EDGE_CURVE('',#811,#812,#414,.T.);
#999=EDGE_CURVE('',#812,#813,#415,.T.);
#1000=EDGE_CURVE('',#813,#814,#416,.T.);
#1001=EDGE_CURVE('',#814,#809,#417,.T.);
#1002=EDGE_CURVE('',#815,#816,#418,.T.);
#1003=EDGE_CURVE('',#816,#817,#419,.T.);
#1004=EDGE_CURVE('',#817,#818,#420,.T.);
#1005=EDGE_CURVE('',#818,#819,#421,.T.);
#1006=EDGE_CURVE('',#819,#820,#422,.T.);
#1007=EDGE_CURVE('',#820,#815,#423,.T.);
#1008=EDGE_CURVE('',#821,#822,#424,.T.);
#1009=EDGE_CURVE('',#822,#823,#425,.T.);
#1010=EDGE_CURVE('',#823,#824,#426,.T.);
#1011=EDGE_CURVE('',#824,#821,#427,.T.);
#1012=EDGE_CURVE('',#825,#825,#62,.T.);
#1013=EDGE_CURVE('',#826,#826,#63,.T.);
#1014=EDGE_CURVE('',#827,#827,#64,.T.);
#1015=EDGE_CURVE('',#827,#826,#428,.T.);
#1016=EDGE_CURVE('',#828,#828,#65,.T.);
#1017=EDGE_CURVE('',#828,#825,#429,.T.);
#1018=EDGE_CURVE('',#798,#829,#430,.T.);
#1019=EDGE_CURVE('',#777,#829,#431,.T.);
#1020=EDGE_CURVE('',#830,#778,#432,.T.);
#1021=EDGE_CURVE('',#785,#830,#433,.T.);
#1022=EDGE_CURVE('',#829,#830,#434,.T.);
#1023=EDGE_CURVE('',#831,#831,#66,.T.);
#1024=EDGE_CURVE('',#831,#758,#435,.T.);
#1025=EDGE_CURVE('',#832,#832,#67,.T.);
#1026=EDGE_CURVE('',#832,#748,#436,.T.);
#1027=EDGE_CURVE('',#833,#833,#68,.T.);
#1028=EDGE_CURVE('',#833,#759,#437,.T.);
#1029=EDGE_CURVE('',#834,#834,#69,.T.);
#1030=EDGE_CURVE('',#834,#749,#438,.T.);
#1031=EDGE_CURVE('',#799,#835,#439,.T.);
#1032=EDGE_CURVE('',#836,#835,#440,.T.);
#1033=EDGE_CURVE('',#800,#836,#441,.T.);
#1034=EDGE_CURVE('',#837,#836,#442,.T.);
#1035=EDGE_CURVE('',#801,#837,#443,.T.);
#1036=EDGE_CURVE('',#838,#837,#444,.T.);
#1037=EDGE_CURVE('',#802,#838,#445,.T.);
#1038=EDGE_CURVE('',#839,#838,#446,.T.);
#1039=EDGE_CURVE('',#803,#839,#447,.T.);
#1040=EDGE_CURVE('',#840,#839,#448,.T.);
#1041=EDGE_CURVE('',#804,#840,#449,.T.);
#1042=EDGE_CURVE('',#835,#840,#450,.T.);
#1043=EDGE_CURVE('',#805,#841,#451,.T.);
#1044=EDGE_CURVE('',#842,#841,#452,.T.);
#1045=EDGE_CURVE('',#806,#842,#453,.T.);
#1046=EDGE_CURVE('',#843,#842,#454,.T.);
#1047=EDGE_CURVE('',#807,#843,#455,.T.);
#1048=EDGE_CURVE('',#844,#843,#456,.T.);
#1049=EDGE_CURVE('',#808,#844,#457,.T.);
#1050=EDGE_CURVE('',#841,#844,#458,.T.);
#1051=EDGE_CURVE('',#809,#845,#459,.T.);
#1052=EDGE_CURVE('',#846,#845,#460,.T.);
#1053=EDGE_CURVE('',#810,#846,#461,.T.);
#1054=EDGE_CURVE('',#847,#846,#462,.T.);
#1055=EDGE_CURVE('',#811,#847,#463,.T.);
#1056=EDGE_CURVE('',#848,#847,#464,.T.);
#1057=EDGE_CURVE('',#812,#848,#465,.T.);
#1058=EDGE_CURVE('',#849,#848,#466,.T.);
#1059=EDGE_CURVE('',#813,#849,#467,.T.);
#1060=EDGE_CURVE('',#850,#849,#468,.T.);
#1061=EDGE_CURVE('',#814,#850,#469,.T.);
#1062=EDGE_CURVE('',#845,#850,#470,.T.);
#1063=EDGE_CURVE('',#815,#851,#471,.T.);
#1064=EDGE_CURVE('',#852,#851,#472,.T.);
#1065=EDGE_CURVE('',#816,#852,#473,.T.);
#1066=EDGE_CURVE('',#853,#852,#474,.T.);
#1067=EDGE_CURVE('',#817,#853,#475,.T.);
#1068=EDGE_CURVE('',#854,#853,#476,.T.);
#1069=EDGE_CURVE('',#818,#854,#477,.T.);
#1070=EDGE_CURVE('',#855,#854,#478,.T.);
#1071=EDGE_CURVE('',#819,#855,#479,.T.);
#1072=EDGE_CURVE('',#856,#855,#480,.T.);
#1073=EDGE_CURVE('',#820,#856,#481,.T.);
#1074=EDGE_CURVE('',#851,#856,#482,.T.);
#1075=EDGE_CURVE('',#821,#857,#483,.T.);
#1076=EDGE_CURVE('',#858,#857,#484,.T.);
#1077=EDGE_CURVE('',#822,#858,#485,.T.);
#1078=EDGE_CURVE('',#859,#858,#486,.T.);
#1079=EDGE_CURVE('',#823,#859,#487,.T.);
#1080=EDGE_CURVE('',#860,#859,#488,.T.);
#1081=EDGE_CURVE('',#824,#860,#489,.T.);
#1082=EDGE_CURVE('',#857,#860,#490,.T.);
#1083=EDGE_CURVE('',#861,#862,#491,.T.);
#1084=EDGE_CURVE('',#861,#795,#492,.T.);
#1085=EDGE_CURVE('',#862,#794,#493,.T.);
#1086=EDGE_CURVE('',#863,#862,#494,.T.);
#1087=EDGE_CURVE('',#863,#793,#495,.T.);
#1088=EDGE_CURVE('',#864,#863,#496,.T.);
#1089=EDGE_CURVE('',#864,#792,#497,.T.);
#1090=EDGE_CURVE('',#865,#864,#498,.T.);
#1091=EDGE_CURVE('',#865,#791,#499,.T.);
#1092=EDGE_CURVE('',#866,#865,#70,.T.);
#1093=EDGE_CURVE('',#866,#790,#500,.T.);
#1094=EDGE_CURVE('',#867,#866,#501,.T.);
#1095=EDGE_CURVE('',#867,#789,#502,.T.);
#1096=EDGE_CURVE('',#868,#867,#71,.T.);
#1097=EDGE_CURVE('',#868,#788,#503,.T.);
#1098=EDGE_CURVE('',#869,#868,#504,.T.);
#1099=EDGE_CURVE('',#869,#787,#505,.T.);
#1100=EDGE_CURVE('',#870,#869,#72,.T.);
#1101=EDGE_CURVE('',#870,#786,#506,.T.);
#1102=EDGE_CURVE('',#871,#870,#507,.T.);
#1103=EDGE_CURVE('',#871,#797,#508,.T.);
#1104=EDGE_CURVE('',#872,#871,#73,.T.);
#1105=EDGE_CURVE('',#872,#796,#509,.T.);
#1106=EDGE_CURVE('',#861,#872,#510,.T.);
#1107=ORIENTED_EDGE('',*,*,#873,.F.);
#1108=ORIENTED_EDGE('',*,*,#874,.T.);
#1109=ORIENTED_EDGE('',*,*,#875,.F.);
#1110=ORIENTED_EDGE('',*,*,#876,.F.);
#1111=ORIENTED_EDGE('',*,*,#877,.F.);
#1112=ORIENTED_EDGE('',*,*,#876,.T.);
#1113=ORIENTED_EDGE('',*,*,#878,.F.);
#1114=ORIENTED_EDGE('',*,*,#879,.F.);
#1115=ORIENTED_EDGE('',*,*,#880,.F.);
#1116=ORIENTED_EDGE('',*,*,#879,.T.);
#1117=ORIENTED_EDGE('',*,*,#881,.F.);
#1118=ORIENTED_EDGE('',*,*,#882,.F.);
#1119=ORIENTED_EDGE('',*,*,#883,.F.);
#1120=ORIENTED_EDGE('',*,*,#882,.T.);
#1121=ORIENTED_EDGE('',*,*,#884,.F.);
#1122=ORIENTED_EDGE('',*,*,#874,.F.);
#1123=ORIENTED_EDGE('',*,*,#884,.T.);
#1124=ORIENTED_EDGE('',*,*,#881,.T.);
#1125=ORIENTED_EDGE('',*,*,#878,.T.);
#1126=ORIENTED_EDGE('',*,*,#875,.T.);
#1127=ORIENTED_EDGE('',*,*,#885,.F.);
#1128=ORIENTED_EDGE('',*,*,#886,.T.);
#1129=ORIENTED_EDGE('',*,*,#887,.T.);
#1130=ORIENTED_EDGE('',*,*,#886,.F.);
#1131=ORIENTED_EDGE('',*,*,#888,.F.);
#1132=ORIENTED_EDGE('',*,*,#889,.T.);
#1133=ORIENTED_EDGE('',*,*,#890,.T.);
#1134=ORIENTED_EDGE('',*,*,#889,.F.);
#1135=ORIENTED_EDGE('',*,*,#891,.F.);
#1136=ORIENTED_EDGE('',*,*,#892,.T.);
#1137=ORIENTED_EDGE('',*,*,#893,.T.);
#1138=ORIENTED_EDGE('',*,*,#892,.F.);
#1139=ORIENTED_EDGE('',*,*,#894,.F.);
#1140=ORIENTED_EDGE('',*,*,#895,.T.);
#1141=ORIENTED_EDGE('',*,*,#896,.T.);
#1142=ORIENTED_EDGE('',*,*,#895,.F.);
#1143=ORIENTED_EDGE('',*,*,#897,.T.);
#1144=ORIENTED_EDGE('',*,*,#898,.T.);
#1145=ORIENTED_EDGE('',*,*,#899,.F.);
#1146=ORIENTED_EDGE('',*,*,#900,.F.);
#1147=ORIENTED_EDGE('',*,*,#901,.T.);
#1148=ORIENTED_EDGE('',*,*,#900,.T.);
#1149=ORIENTED_EDGE('',*,*,#902,.F.);
#1150=ORIENTED_EDGE('',*,*,#903,.F.);
#1151=ORIENTED_EDGE('',*,*,#904,.T.);
#1152=ORIENTED_EDGE('',*,*,#903,.T.);
#1153=ORIENTED_EDGE('',*,*,#905,.F.);
#1154=ORIENTED_EDGE('',*,*,#906,.F.);
#1155=ORIENTED_EDGE('',*,*,#907,.T.);
#1156=ORIENTED_EDGE('',*,*,#906,.T.);
#1157=ORIENTED_EDGE('',*,*,#908,.F.);
#1158=ORIENTED_EDGE('',*,*,#898,.F.);
#1159=ORIENTED_EDGE('',*,*,#908,.T.);
#1160=ORIENTED_EDGE('',*,*,#905,.T.);
#1161=ORIENTED_EDGE('',*,*,#902,.T.);
#1162=ORIENTED_EDGE('',*,*,#899,.T.);
#1163=ORIENTED_EDGE('',*,*,#894,.T.);
#1164=ORIENTED_EDGE('',*,*,#891,.T.);
#1165=ORIENTED_EDGE('',*,*,#888,.T.);
#1166=ORIENTED_EDGE('',*,*,#885,.T.);
#1167=ORIENTED_EDGE('',*,*,#907,.F.);
#1168=ORIENTED_EDGE('',*,*,#897,.F.);
#1169=ORIENTED_EDGE('',*,*,#901,.F.);
#1170=ORIENTED_EDGE('',*,*,#904,.F.);
#1171=ORIENTED_EDGE('',*,*,#873,.T.);
#1172=ORIENTED_EDGE('',*,*,#877,.T.);
#1173=ORIENTED_EDGE('',*,*,#880,.T.);
#1174=ORIENTED_EDGE('',*,*,#883,.T.);
#1175=ORIENTED_EDGE('',*,*,#896,.F.);
#1176=ORIENTED_EDGE('',*,*,#893,.F.);
#1177=ORIENTED_EDGE('',*,*,#890,.F.);
#1178=ORIENTED_EDGE('',*,*,#887,.F.);
#1179=ORIENTED_EDGE('',*,*,#909,.F.);
#1180=ORIENTED_EDGE('',*,*,#910,.T.);
#1181=ORIENTED_EDGE('',*,*,#911,.F.);
#1182=ORIENTED_EDGE('',*,*,#912,.F.);
#1183=ORIENTED_EDGE('',*,*,#913,.F.);
#1184=ORIENTED_EDGE('',*,*,#914,.T.);
#1185=ORIENTED_EDGE('',*,*,#915,.F.);
#1186=ORIENTED_EDGE('',*,*,#910,.F.);
#1187=ORIENTED_EDGE('',*,*,#916,.T.);
#1188=ORIENTED_EDGE('',*,*,#917,.T.);
#1189=ORIENTED_EDGE('',*,*,#911,.T.);
#1190=ORIENTED_EDGE('',*,*,#915,.T.);
#1191=ORIENTED_EDGE('',*,*,#918,.F.);
#1192=ORIENTED_EDGE('',*,*,#919,.F.);
#1193=ORIENTED_EDGE('',*,*,#920,.F.);
#1194=ORIENTED_EDGE('',*,*,#912,.T.);
#1195=ORIENTED_EDGE('',*,*,#917,.F.);
#1196=ORIENTED_EDGE('',*,*,#921,.F.);
#1197=ORIENTED_EDGE('',*,*,#922,.F.);
#1198=ORIENTED_EDGE('',*,*,#921,.T.);
#1199=ORIENTED_EDGE('',*,*,#916,.F.);
#1200=ORIENTED_EDGE('',*,*,#914,.F.);
#1201=ORIENTED_EDGE('',*,*,#923,.F.);
#1202=ORIENTED_EDGE('',*,*,#924,.T.);
#1203=ORIENTED_EDGE('',*,*,#925,.F.);
#1204=ORIENTED_EDGE('',*,*,#926,.F.);
#1205=ORIENTED_EDGE('',*,*,#927,.F.);
#1206=ORIENTED_EDGE('',*,*,#928,.T.);
#1207=ORIENTED_EDGE('',*,*,#929,.F.);
#1208=ORIENTED_EDGE('',*,*,#924,.F.);
#1209=ORIENTED_EDGE('',*,*,#930,.T.);
#1210=ORIENTED_EDGE('',*,*,#931,.T.);
#1211=ORIENTED_EDGE('',*,*,#925,.T.);
#1212=ORIENTED_EDGE('',*,*,#929,.T.);
#1213=ORIENTED_EDGE('',*,*,#932,.F.);
#1214=ORIENTED_EDGE('',*,*,#933,.F.);
#1215=ORIENTED_EDGE('',*,*,#934,.F.);
#1216=ORIENTED_EDGE('',*,*,#926,.T.);
#1217=ORIENTED_EDGE('',*,*,#931,.F.);
#1218=ORIENTED_EDGE('',*,*,#935,.F.);
#1219=ORIENTED_EDGE('',*,*,#936,.F.);
#1220=ORIENTED_EDGE('',*,*,#935,.T.);
#1221=ORIENTED_EDGE('',*,*,#930,.F.);
#1222=ORIENTED_EDGE('',*,*,#928,.F.);
#1223=ORIENTED_EDGE('',*,*,#937,.F.);
#1224=ORIENTED_EDGE('',*,*,#938,.T.);
#1225=ORIENTED_EDGE('',*,*,#939,.F.);
#1226=ORIENTED_EDGE('',*,*,#940,.F.);
#1227=ORIENTED_EDGE('',*,*,#941,.F.);
#1228=ORIENTED_EDGE('',*,*,#942,.T.);
#1229=ORIENTED_EDGE('',*,*,#943,.F.);
#1230=ORIENTED_EDGE('',*,*,#938,.F.);
#1231=ORIENTED_EDGE('',*,*,#944,.F.);
#1232=ORIENTED_EDGE('',*,*,#940,.T.);
#1233=ORIENTED_EDGE('',*,*,#945,.F.);
#1234=ORIENTED_EDGE('',*,*,#946,.F.);
#1235=ORIENTED_EDGE('',*,*,#947,.F.);
#1236=ORIENTED_EDGE('',*,*,#946,.T.);
#1237=ORIENTED_EDGE('',*,*,#948,.F.);
#1238=ORIENTED_EDGE('',*,*,#942,.F.);
#1239=ORIENTED_EDGE('',*,*,#948,.T.);
#1240=ORIENTED_EDGE('',*,*,#945,.T.);
#1241=ORIENTED_EDGE('',*,*,#939,.T.);
#1242=ORIENTED_EDGE('',*,*,#943,.T.);
#1243=ORIENTED_EDGE('',*,*,#949,.F.);
#1244=ORIENTED_EDGE('',*,*,#950,.T.);
#1245=ORIENTED_EDGE('',*,*,#951,.F.);
#1246=ORIENTED_EDGE('',*,*,#952,.F.);
#1247=ORIENTED_EDGE('',*,*,#953,.T.);
#1248=ORIENTED_EDGE('',*,*,#954,.F.);
#1249=ORIENTED_EDGE('',*,*,#955,.T.);
#1250=ORIENTED_EDGE('',*,*,#949,.T.);
#1251=ORIENTED_EDGE('',*,*,#954,.T.);
#1252=ORIENTED_EDGE('',*,*,#956,.F.);
#1253=ORIENTED_EDGE('',*,*,#957,.F.);
#1254=ORIENTED_EDGE('',*,*,#958,.T.);
#1255=ORIENTED_EDGE('',*,*,#959,.F.);
#1256=ORIENTED_EDGE('',*,*,#960,.F.);
#1257=ORIENTED_EDGE('',*,*,#961,.F.);
#1258=ORIENTED_EDGE('',*,*,#962,.T.);
#1259=ORIENTED_EDGE('',*,*,#963,.F.);
#1260=ORIENTED_EDGE('',*,*,#964,.T.);
#1261=ORIENTED_EDGE('',*,*,#965,.F.);
#1262=ORIENTED_EDGE('',*,*,#966,.F.);
#1263=ORIENTED_EDGE('',*,*,#967,.F.);
#1264=ORIENTED_EDGE('',*,*,#966,.T.);
#1265=ORIENTED_EDGE('',*,*,#968,.F.);
#1266=ORIENTED_EDGE('',*,*,#950,.F.);
#1267=ORIENTED_EDGE('',*,*,#955,.F.);
#1268=ORIENTED_EDGE('',*,*,#962,.F.);
#1269=ORIENTED_EDGE('',*,*,#969,.F.);
#1270=ORIENTED_EDGE('',*,*,#956,.T.);
#1271=ORIENTED_EDGE('',*,*,#953,.F.);
#1272=ORIENTED_EDGE('',*,*,#952,.T.);
#1273=ORIENTED_EDGE('',*,*,#970,.F.);
#1274=ORIENTED_EDGE('',*,*,#964,.F.);
#1275=ORIENTED_EDGE('',*,*,#970,.T.);
#1276=ORIENTED_EDGE('',*,*,#951,.T.);
#1277=ORIENTED_EDGE('',*,*,#968,.T.);
#1278=ORIENTED_EDGE('',*,*,#965,.T.);
#1279=ORIENTED_EDGE('',*,*,#957,.T.);
#1280=ORIENTED_EDGE('',*,*,#969,.T.);
#1281=ORIENTED_EDGE('',*,*,#963,.T.);
#1282=ORIENTED_EDGE('',*,*,#967,.T.);
#1283=ORIENTED_EDGE('',*,*,#961,.T.);
#1284=ORIENTED_EDGE('',*,*,#971,.T.);
#1285=ORIENTED_EDGE('',*,*,#972,.T.);
#1286=ORIENTED_EDGE('',*,*,#973,.T.);
#1287=ORIENTED_EDGE('',*,*,#974,.T.);
#1288=ORIENTED_EDGE('',*,*,#975,.T.);
#1289=ORIENTED_EDGE('',*,*,#976,.T.);
#1290=ORIENTED_EDGE('',*,*,#977,.T.);
#1291=ORIENTED_EDGE('',*,*,#978,.T.);
#1292=ORIENTED_EDGE('',*,*,#979,.T.);
#1293=ORIENTED_EDGE('',*,*,#980,.T.);
#1294=ORIENTED_EDGE('',*,*,#981,.T.);
#1295=ORIENTED_EDGE('',*,*,#982,.T.);
#1296=ORIENTED_EDGE('',*,*,#983,.T.);
#1297=ORIENTED_EDGE('',*,*,#984,.T.);
#1298=ORIENTED_EDGE('',*,*,#985,.T.);
#1299=ORIENTED_EDGE('',*,*,#913,.T.);
#1300=ORIENTED_EDGE('',*,*,#909,.T.);
#1301=ORIENTED_EDGE('',*,*,#920,.T.);
#1302=ORIENTED_EDGE('',*,*,#922,.T.);
#1303=ORIENTED_EDGE('',*,*,#927,.T.);
#1304=ORIENTED_EDGE('',*,*,#923,.T.);
#1305=ORIENTED_EDGE('',*,*,#934,.T.);
#1306=ORIENTED_EDGE('',*,*,#936,.T.);
#1307=ORIENTED_EDGE('',*,*,#941,.T.);
#1308=ORIENTED_EDGE('',*,*,#937,.T.);
#1309=ORIENTED_EDGE('',*,*,#944,.T.);
#1310=ORIENTED_EDGE('',*,*,#947,.T.);
#1311=ORIENTED_EDGE('',*,*,#986,.T.);
#1312=ORIENTED_EDGE('',*,*,#987,.T.);
#1313=ORIENTED_EDGE('',*,*,#988,.T.);
#1314=ORIENTED_EDGE('',*,*,#989,.T.);
#1315=ORIENTED_EDGE('',*,*,#990,.T.);
#1316=ORIENTED_EDGE('',*,*,#991,.T.);
#1317=ORIENTED_EDGE('',*,*,#992,.T.);
#1318=ORIENTED_EDGE('',*,*,#993,.T.);
#1319=ORIENTED_EDGE('',*,*,#994,.T.);
#1320=ORIENTED_EDGE('',*,*,#995,.T.);
#1321=ORIENTED_EDGE('',*,*,#996,.T.);
#1322=ORIENTED_EDGE('',*,*,#997,.T.);
#1323=ORIENTED_EDGE('',*,*,#998,.T.);
#1324=ORIENTED_EDGE('',*,*,#999,.T.);
#1325=ORIENTED_EDGE('',*,*,#1000,.T.);
#1326=ORIENTED_EDGE('',*,*,#1001,.T.);
#1327=ORIENTED_EDGE('',*,*,#1002,.T.);
#1328=ORIENTED_EDGE('',*,*,#1003,.T.);
#1329=ORIENTED_EDGE('',*,*,#1004,.T.);
#1330=ORIENTED_EDGE('',*,*,#1005,.T.);
#1331=ORIENTED_EDGE('',*,*,#1006,.T.);
#1332=ORIENTED_EDGE('',*,*,#1007,.T.);
#1333=ORIENTED_EDGE('',*,*,#1008,.T.);
#1334=ORIENTED_EDGE('',*,*,#1009,.T.);
#1335=ORIENTED_EDGE('',*,*,#1010,.T.);
#1336=ORIENTED_EDGE('',*,*,#1011,.T.);
#1337=ORIENTED_EDGE('',*,*,#1012,.T.);
#1338=ORIENTED_EDGE('',*,*,#1013,.T.);
#1339=ORIENTED_EDGE('',*,*,#1014,.F.);
#1340=ORIENTED_EDGE('',*,*,#1015,.T.);
#1341=ORIENTED_EDGE('',*,*,#1013,.F.);
#1342=ORIENTED_EDGE('',*,*,#1015,.F.);
#1343=ORIENTED_EDGE('',*,*,#1014,.T.);
#1344=ORIENTED_EDGE('',*,*,#1016,.F.);
#1345=ORIENTED_EDGE('',*,*,#1017,.T.);
#1346=ORIENTED_EDGE('',*,*,#1012,.F.);
#1347=ORIENTED_EDGE('',*,*,#1017,.F.);
#1348=ORIENTED_EDGE('',*,*,#1016,.T.);
#1349=ORIENTED_EDGE('',*,*,#985,.F.);
#1350=ORIENTED_EDGE('',*,*,#1018,.T.);
#1351=ORIENTED_EDGE('',*,*,#1019,.F.);
#1352=ORIENTED_EDGE('',*,*,#958,.F.);
#1353=ORIENTED_EDGE('',*,*,#971,.F.);
#1354=ORIENTED_EDGE('',*,*,#960,.T.);
#1355=ORIENTED_EDGE('',*,*,#1020,.F.);
#1356=ORIENTED_EDGE('',*,*,#1021,.F.);
#1357=ORIENTED_EDGE('',*,*,#1020,.T.);
#1358=ORIENTED_EDGE('',*,*,#959,.T.);
#1359=ORIENTED_EDGE('',*,*,#1019,.T.);
#1360=ORIENTED_EDGE('',*,*,#1022,.T.);
#1361=ORIENTED_EDGE('',*,*,#1023,.F.);
#1362=ORIENTED_EDGE('',*,*,#1024,.T.);
#1363=ORIENTED_EDGE('',*,*,#932,.T.);
#1364=ORIENTED_EDGE('',*,*,#1024,.F.);
#1365=ORIENTED_EDGE('',*,*,#1023,.T.);
#1366=ORIENTED_EDGE('',*,*,#1025,.F.);
#1367=ORIENTED_EDGE('',*,*,#1026,.T.);
#1368=ORIENTED_EDGE('',*,*,#918,.T.);
#1369=ORIENTED_EDGE('',*,*,#1026,.F.);
#1370=ORIENTED_EDGE('',*,*,#1025,.T.);
#1371=ORIENTED_EDGE('',*,*,#1027,.F.);
#1372=ORIENTED_EDGE('',*,*,#1028,.T.);
#1373=ORIENTED_EDGE('',*,*,#933,.T.);
#1374=ORIENTED_EDGE('',*,*,#1028,.F.);
#1375=ORIENTED_EDGE('',*,*,#1027,.T.);
#1376=ORIENTED_EDGE('',*,*,#1029,.F.);
#1377=ORIENTED_EDGE('',*,*,#1030,.T.);
#1378=ORIENTED_EDGE('',*,*,#919,.T.);
#1379=ORIENTED_EDGE('',*,*,#1030,.F.);
#1380=ORIENTED_EDGE('',*,*,#1029,.T.);
#1381=ORIENTED_EDGE('',*,*,#986,.F.);
#1382=ORIENTED_EDGE('',*,*,#1031,.T.);
#1383=ORIENTED_EDGE('',*,*,#1032,.F.);
#1384=ORIENTED_EDGE('',*,*,#1033,.F.);
#1385=ORIENTED_EDGE('',*,*,#987,.F.);
#1386=ORIENTED_EDGE('',*,*,#1033,.T.);
#1387=ORIENTED_EDGE('',*,*,#1034,.F.);
#1388=ORIENTED_EDGE('',*,*,#1035,.F.);
#1389=ORIENTED_EDGE('',*,*,#988,.F.);
#1390=ORIENTED_EDGE('',*,*,#1035,.T.);
#1391=ORIENTED_EDGE('',*,*,#1036,.F.);
#1392=ORIENTED_EDGE('',*,*,#1037,.F.);
#1393=ORIENTED_EDGE('',*,*,#989,.F.);
#1394=ORIENTED_EDGE('',*,*,#1037,.T.);
#1395=ORIENTED_EDGE('',*,*,#1038,.F.);
#1396=ORIENTED_EDGE('',*,*,#1039,.F.);
#1397=ORIENTED_EDGE('',*,*,#990,.F.);
#1398=ORIENTED_EDGE('',*,*,#1039,.T.);
#1399=ORIENTED_EDGE('',*,*,#1040,.F.);
#1400=ORIENTED_EDGE('',*,*,#1041,.F.);
#1401=ORIENTED_EDGE('',*,*,#991,.F.);
#1402=ORIENTED_EDGE('',*,*,#1041,.T.);
#1403=ORIENTED_EDGE('',*,*,#1042,.F.);
#1404=ORIENTED_EDGE('',*,*,#1031,.F.);
#1405=ORIENTED_EDGE('',*,*,#1042,.T.);
#1406=ORIENTED_EDGE('',*,*,#1040,.T.);
#1407=ORIENTED_EDGE('',*,*,#1038,.T.);
#1408=ORIENTED_EDGE('',*,*,#1036,.T.);
#1409=ORIENTED_EDGE('',*,*,#1034,.T.);
#1410=ORIENTED_EDGE('',*,*,#1032,.T.);
#1411=ORIENTED_EDGE('',*,*,#992,.F.);
#1412=ORIENTED_EDGE('',*,*,#1043,.T.);
#1413=ORIENTED_EDGE('',*,*,#1044,.F.);
#1414=ORIENTED_EDGE('',*,*,#1045,.F.);
#1415=ORIENTED_EDGE('',*,*,#993,.F.);
#1416=ORIENTED_EDGE('',*,*,#1045,.T.);
#1417=ORIENTED_EDGE('',*,*,#1046,.F.);
#1418=ORIENTED_EDGE('',*,*,#1047,.F.);
#1419=ORIENTED_EDGE('',*,*,#994,.F.);
#1420=ORIENTED_EDGE('',*,*,#1047,.T.);
#1421=ORIENTED_EDGE('',*,*,#1048,.F.);
#1422=ORIENTED_EDGE('',*,*,#1049,.F.);
#1423=ORIENTED_EDGE('',*,*,#995,.F.);
#1424=ORIENTED_EDGE('',*,*,#1049,.T.);
#1425=ORIENTED_EDGE('',*,*,#1050,.F.);
#1426=ORIENTED_EDGE('',*,*,#1043,.F.);
#1427=ORIENTED_EDGE('',*,*,#1050,.T.);
#1428=ORIENTED_EDGE('',*,*,#1048,.T.);
#1429=ORIENTED_EDGE('',*,*,#1046,.T.);
#1430=ORIENTED_EDGE('',*,*,#1044,.T.);
#1431=ORIENTED_EDGE('',*,*,#996,.F.);
#1432=ORIENTED_EDGE('',*,*,#1051,.T.);
#1433=ORIENTED_EDGE('',*,*,#1052,.F.);
#1434=ORIENTED_EDGE('',*,*,#1053,.F.);
#1435=ORIENTED_EDGE('',*,*,#997,.F.);
#1436=ORIENTED_EDGE('',*,*,#1053,.T.);
#1437=ORIENTED_EDGE('',*,*,#1054,.F.);
#1438=ORIENTED_EDGE('',*,*,#1055,.F.);
#1439=ORIENTED_EDGE('',*,*,#998,.F.);
#1440=ORIENTED_EDGE('',*,*,#1055,.T.);
#1441=ORIENTED_EDGE('',*,*,#1056,.F.);
#1442=ORIENTED_EDGE('',*,*,#1057,.F.);
#1443=ORIENTED_EDGE('',*,*,#999,.F.);
#1444=ORIENTED_EDGE('',*,*,#1057,.T.);
#1445=ORIENTED_EDGE('',*,*,#1058,.F.);
#1446=ORIENTED_EDGE('',*,*,#1059,.F.);
#1447=ORIENTED_EDGE('',*,*,#1000,.F.);
#1448=ORIENTED_EDGE('',*,*,#1059,.T.);
#1449=ORIENTED_EDGE('',*,*,#1060,.F.);
#1450=ORIENTED_EDGE('',*,*,#1061,.F.);
#1451=ORIENTED_EDGE('',*,*,#1001,.F.);
#1452=ORIENTED_EDGE('',*,*,#1061,.T.);
#1453=ORIENTED_EDGE('',*,*,#1062,.F.);
#1454=ORIENTED_EDGE('',*,*,#1051,.F.);
#1455=ORIENTED_EDGE('',*,*,#1062,.T.);
#1456=ORIENTED_EDGE('',*,*,#1060,.T.);
#1457=ORIENTED_EDGE('',*,*,#1058,.T.);
#1458=ORIENTED_EDGE('',*,*,#1056,.T.);
#1459=ORIENTED_EDGE('',*,*,#1054,.T.);
#1460=ORIENTED_EDGE('',*,*,#1052,.T.);
#1461=ORIENTED_EDGE('',*,*,#1002,.F.);
#1462=ORIENTED_EDGE('',*,*,#1063,.T.);
#1463=ORIENTED_EDGE('',*,*,#1064,.F.);
#1464=ORIENTED_EDGE('',*,*,#1065,.F.);
#1465=ORIENTED_EDGE('',*,*,#1003,.F.);
#1466=ORIENTED_EDGE('',*,*,#1065,.T.);
#1467=ORIENTED_EDGE('',*,*,#1066,.F.);
#1468=ORIENTED_EDGE('',*,*,#1067,.F.);
#1469=ORIENTED_EDGE('',*,*,#1004,.F.);
#1470=ORIENTED_EDGE('',*,*,#1067,.T.);
#1471=ORIENTED_EDGE('',*,*,#1068,.F.);
#1472=ORIENTED_EDGE('',*,*,#1069,.F.);
#1473=ORIENTED_EDGE('',*,*,#1005,.F.);
#1474=ORIENTED_EDGE('',*,*,#1069,.T.);
#1475=ORIENTED_EDGE('',*,*,#1070,.F.);
#1476=ORIENTED_EDGE('',*,*,#1071,.F.);
#1477=ORIENTED_EDGE('',*,*,#1006,.F.);
#1478=ORIENTED_EDGE('',*,*,#1071,.T.);
#1479=ORIENTED_EDGE('',*,*,#1072,.F.);
#1480=ORIENTED_EDGE('',*,*,#1073,.F.);
#1481=ORIENTED_EDGE('',*,*,#1007,.F.);
#1482=ORIENTED_EDGE('',*,*,#1073,.T.);
#1483=ORIENTED_EDGE('',*,*,#1074,.F.);
#1484=ORIENTED_EDGE('',*,*,#1063,.F.);
#1485=ORIENTED_EDGE('',*,*,#1074,.T.);
#1486=ORIENTED_EDGE('',*,*,#1072,.T.);
#1487=ORIENTED_EDGE('',*,*,#1070,.T.);
#1488=ORIENTED_EDGE('',*,*,#1068,.T.);
#1489=ORIENTED_EDGE('',*,*,#1066,.T.);
#1490=ORIENTED_EDGE('',*,*,#1064,.T.);
#1491=ORIENTED_EDGE('',*,*,#1008,.F.);
#1492=ORIENTED_EDGE('',*,*,#1075,.T.);
#1493=ORIENTED_EDGE('',*,*,#1076,.F.);
#1494=ORIENTED_EDGE('',*,*,#1077,.F.);
#1495=ORIENTED_EDGE('',*,*,#1009,.F.);
#1496=ORIENTED_EDGE('',*,*,#1077,.T.);
#1497=ORIENTED_EDGE('',*,*,#1078,.F.);
#1498=ORIENTED_EDGE('',*,*,#1079,.F.);
#1499=ORIENTED_EDGE('',*,*,#1010,.F.);
#1500=ORIENTED_EDGE('',*,*,#1079,.T.);
#1501=ORIENTED_EDGE('',*,*,#1080,.F.);
#1502=ORIENTED_EDGE('',*,*,#1081,.F.);
#1503=ORIENTED_EDGE('',*,*,#1011,.F.);
#1504=ORIENTED_EDGE('',*,*,#1081,.T.);
#1505=ORIENTED_EDGE('',*,*,#1082,.F.);
#1506=ORIENTED_EDGE('',*,*,#1075,.F.);
#1507=ORIENTED_EDGE('',*,*,#1082,.T.);
#1508=ORIENTED_EDGE('',*,*,#1080,.T.);
#1509=ORIENTED_EDGE('',*,*,#1078,.T.);
#1510=ORIENTED_EDGE('',*,*,#1076,.T.);
#1511=ORIENTED_EDGE('',*,*,#1083,.F.);
#1512=ORIENTED_EDGE('',*,*,#1084,.T.);
#1513=ORIENTED_EDGE('',*,*,#981,.F.);
#1514=ORIENTED_EDGE('',*,*,#1085,.F.);
#1515=ORIENTED_EDGE('',*,*,#1086,.T.);
#1516=ORIENTED_EDGE('',*,*,#1085,.T.);
#1517=ORIENTED_EDGE('',*,*,#980,.F.);
#1518=ORIENTED_EDGE('',*,*,#1087,.F.);
#1519=ORIENTED_EDGE('',*,*,#1088,.T.);
#1520=ORIENTED_EDGE('',*,*,#1087,.T.);
#1521=ORIENTED_EDGE('',*,*,#979,.F.);
#1522=ORIENTED_EDGE('',*,*,#1089,.F.);
#1523=ORIENTED_EDGE('',*,*,#1090,.T.);
#1524=ORIENTED_EDGE('',*,*,#1089,.T.);
#1525=ORIENTED_EDGE('',*,*,#978,.F.);
#1526=ORIENTED_EDGE('',*,*,#1091,.F.);
#1527=ORIENTED_EDGE('',*,*,#1092,.T.);
#1528=ORIENTED_EDGE('',*,*,#1091,.T.);
#1529=ORIENTED_EDGE('',*,*,#977,.F.);
#1530=ORIENTED_EDGE('',*,*,#1093,.F.);
#1531=ORIENTED_EDGE('',*,*,#1094,.T.);
#1532=ORIENTED_EDGE('',*,*,#1093,.T.);
#1533=ORIENTED_EDGE('',*,*,#976,.F.);
#1534=ORIENTED_EDGE('',*,*,#1095,.F.);
#1535=ORIENTED_EDGE('',*,*,#1096,.T.);
#1536=ORIENTED_EDGE('',*,*,#1095,.T.);
#1537=ORIENTED_EDGE('',*,*,#975,.F.);
#1538=ORIENTED_EDGE('',*,*,#1097,.F.);
#1539=ORIENTED_EDGE('',*,*,#1098,.T.);
#1540=ORIENTED_EDGE('',*,*,#1097,.T.);
#1541=ORIENTED_EDGE('',*,*,#974,.F.);
#1542=ORIENTED_EDGE('',*,*,#1099,.F.);
#1543=ORIENTED_EDGE('',*,*,#1100,.T.);
#1544=ORIENTED_EDGE('',*,*,#1099,.T.);
#1545=ORIENTED_EDGE('',*,*,#973,.F.);
#1546=ORIENTED_EDGE('',*,*,#1101,.F.);
#1547=ORIENTED_EDGE('',*,*,#1102,.T.);
#1548=ORIENTED_EDGE('',*,*,#1101,.T.);
#1549=ORIENTED_EDGE('',*,*,#972,.F.);
#1550=ORIENTED_EDGE('',*,*,#1021,.T.);
#1551=ORIENTED_EDGE('',*,*,#1022,.F.);
#1552=ORIENTED_EDGE('',*,*,#1018,.F.);
#1553=ORIENTED_EDGE('',*,*,#984,.F.);
#1554=ORIENTED_EDGE('',*,*,#1103,.F.);
#1555=ORIENTED_EDGE('',*,*,#1104,.T.);
#1556=ORIENTED_EDGE('',*,*,#1103,.T.);
#1557=ORIENTED_EDGE('',*,*,#983,.F.);
#1558=ORIENTED_EDGE('',*,*,#1105,.F.);
#1559=ORIENTED_EDGE('',*,*,#1106,.T.);
#1560=ORIENTED_EDGE('',*,*,#1105,.T.);
#1561=ORIENTED_EDGE('',*,*,#982,.F.);
#1562=ORIENTED_EDGE('',*,*,#1084,.F.);
#1563=ORIENTED_EDGE('',*,*,#1106,.F.);
#1564=ORIENTED_EDGE('',*,*,#1083,.T.);
#1565=ORIENTED_EDGE('',*,*,#1086,.F.);
#1566=ORIENTED_EDGE('',*,*,#1088,.F.);
#1567=ORIENTED_EDGE('',*,*,#1090,.F.);
#1568=ORIENTED_EDGE('',*,*,#1092,.F.);
#1569=ORIENTED_EDGE('',*,*,#1094,.F.);
#1570=ORIENTED_EDGE('',*,*,#1096,.F.);
#1571=ORIENTED_EDGE('',*,*,#1098,.F.);
#1572=ORIENTED_EDGE('',*,*,#1100,.F.);
#1573=ORIENTED_EDGE('',*,*,#1102,.F.);
#1574=ORIENTED_EDGE('',*,*,#1104,.F.);
#1575=PLANE('',#1771);
#1576=PLANE('',#1772);
#1577=PLANE('',#1773);
#1578=PLANE('',#1774);
#1579=PLANE('',#1775);
#1580=PLANE('',#1788);
#1581=PLANE('',#1789);
#1582=PLANE('',#1790);
#1583=PLANE('',#1791);
#1584=PLANE('',#1792);
#1585=PLANE('',#1793);
#1586=PLANE('',#1794);
#1587=PLANE('',#1795);
#1588=PLANE('',#1796);
#1589=PLANE('',#1799);
#1590=PLANE('',#1800);
#1591=PLANE('',#1801);
#1592=PLANE('',#1802);
#1593=PLANE('',#1803);
#1594=PLANE('',#1806);
#1595=PLANE('',#1807);
#1596=PLANE('',#1808);
#1597=PLANE('',#1809);
#1598=PLANE('',#1810);
#1599=PLANE('',#1811);
#1600=PLANE('',#1812);
#1601=PLANE('',#1813);
#1602=PLANE('',#1814);
#1603=PLANE('',#1815);
#1604=PLANE('',#1816);
#1605=PLANE('',#1817);
#1606=PLANE('',#1818);
#1607=PLANE('',#1819);
#1608=PLANE('',#1820);
#1609=PLANE('',#1829);
#1610=PLANE('',#1832);
#1611=PLANE('',#1833);
#1612=PLANE('',#1834);
#1613=PLANE('',#1835);
#1614=PLANE('',#1838);
#1615=PLANE('',#1841);
#1616=PLANE('',#1844);
#1617=PLANE('',#1847);
#1618=PLANE('',#1848);
#1619=PLANE('',#1849);
#1620=PLANE('',#1850);
#1621=PLANE('',#1851);
#1622=PLANE('',#1852);
#1623=PLANE('',#1853);
#1624=PLANE('',#1854);
#1625=PLANE('',#1855);
#1626=PLANE('',#1856);
#1627=PLANE('',#1857);
#1628=PLANE('',#1858);
#1629=PLANE('',#1859);
#1630=PLANE('',#1860);
#1631=PLANE('',#1861);
#1632=PLANE('',#1862);
#1633=PLANE('',#1863);
#1634=PLANE('',#1864);
#1635=PLANE('',#1865);
#1636=PLANE('',#1866);
#1637=PLANE('',#1867);
#1638=PLANE('',#1868);
#1639=PLANE('',#1869);
#1640=PLANE('',#1870);
#1641=PLANE('',#1871);
#1642=PLANE('',#1872);
#1643=PLANE('',#1873);
#1644=PLANE('',#1874);
#1645=PLANE('',#1875);
#1646=PLANE('',#1876);
#1647=PLANE('',#1877);
#1648=PLANE('',#1878);
#1649=PLANE('',#1879);
#1650=PLANE('',#1880);
#1651=PLANE('',#1881);
#1652=PLANE('',#1882);
#1653=PLANE('',#1885);
#1654=PLANE('',#1888);
#1655=PLANE('',#1891);
#1656=PLANE('',#1894);
#1657=PLANE('',#1895);
#1658=ADVANCED_FACE('',(#88),#1575,.T.);
#1659=ADVANCED_FACE('',(#89),#1576,.T.);
#1660=ADVANCED_FACE('',(#90),#1577,.T.);
#1661=ADVANCED_FACE('',(#91),#1578,.T.);
#1662=ADVANCED_FACE('',(#92),#1579,.T.);
#1663=ADVANCED_FACE('',(#93),#74,.F.);
#1664=ADVANCED_FACE('',(#94),#75,.F.);
#1665=ADVANCED_FACE('',(#95),#76,.F.);
#1666=ADVANCED_FACE('',(#96),#77,.F.);
#1667=ADVANCED_FACE('',(#97),#1580,.T.);
#1668=ADVANCED_FACE('',(#98),#1581,.T.);
#1669=ADVANCED_FACE('',(#99),#1582,.T.);
#1670=ADVANCED_FACE('',(#100),#1583,.T.);
#1671=ADVANCED_FACE('',(#101,#23,#24,#25,#26),#1584,.T.);
#1672=ADVANCED_FACE('',(#102,#27,#28,#29,#30,#31),#1585,.F.);
#1673=ADVANCED_FACE('',(#103),#1586,.T.);
#1674=ADVANCED_FACE('',(#104),#1587,.T.);
#1675=ADVANCED_FACE('',(#105,#32,#33),#1588,.T.);
#1676=ADVANCED_FACE('',(#106),#1589,.T.);
#1677=ADVANCED_FACE('',(#107),#1590,.T.);
#1678=ADVANCED_FACE('',(#108),#1591,.T.);
#1679=ADVANCED_FACE('',(#109),#1592,.T.);
#1680=ADVANCED_FACE('',(#110,#34,#35),#1593,.T.);
#1681=ADVANCED_FACE('',(#111),#1594,.T.);
#1682=ADVANCED_FACE('',(#112),#1595,.T.);
#1683=ADVANCED_FACE('',(#113),#1596,.T.);
#1684=ADVANCED_FACE('',(#114),#1597,.T.);
#1685=ADVANCED_FACE('',(#115),#1598,.T.);
#1686=ADVANCED_FACE('',(#116),#1599,.T.);
#1687=ADVANCED_FACE('',(#117),#1600,.T.);
#1688=ADVANCED_FACE('',(#118),#1601,.T.);
#1689=ADVANCED_FACE('',(#119),#1602,.F.);
#1690=ADVANCED_FACE('',(#120),#1603,.T.);
#1691=ADVANCED_FACE('',(#121),#1604,.T.);
#1692=ADVANCED_FACE('',(#122),#1605,.T.);
#1693=ADVANCED_FACE('',(#123),#1606,.T.);
#1694=ADVANCED_FACE('',(#124),#1607,.T.);
#1695=ADVANCED_FACE('',(#125,#36,#37,#38,#39,#40,#41,#42,#43,#44,#45),#1608,
 .T.);
#1696=ADVANCED_FACE('',(#126),#78,.T.);
#1697=ADVANCED_FACE('',(#127),#1609,.T.);
#1698=ADVANCED_FACE('',(#128),#79,.T.);
#1699=ADVANCED_FACE('',(#129),#1610,.T.);
#1700=ADVANCED_FACE('',(#130),#1611,.T.);
#1701=ADVANCED_FACE('',(#131),#1612,.T.);
#1702=ADVANCED_FACE('',(#132),#1613,.T.);
#1703=ADVANCED_FACE('',(#133),#80,.T.);
#1704=ADVANCED_FACE('',(#134),#1614,.T.);
#1705=ADVANCED_FACE('',(#135),#81,.T.);
#1706=ADVANCED_FACE('',(#136),#1615,.T.);
#1707=ADVANCED_FACE('',(#137),#82,.T.);
#1708=ADVANCED_FACE('',(#138),#1616,.T.);
#1709=ADVANCED_FACE('',(#139),#83,.T.);
#1710=ADVANCED_FACE('',(#140),#1617,.T.);
#1711=ADVANCED_FACE('',(#141),#1618,.T.);
#1712=ADVANCED_FACE('',(#142),#1619,.T.);
#1713=ADVANCED_FACE('',(#143),#1620,.T.);
#1714=ADVANCED_FACE('',(#144),#1621,.T.);
#1715=ADVANCED_FACE('',(#145),#1622,.T.);
#1716=ADVANCED_FACE('',(#146),#1623,.T.);
#1717=ADVANCED_FACE('',(#147),#1624,.T.);
#1718=ADVANCED_FACE('',(#148),#1625,.T.);
#1719=ADVANCED_FACE('',(#149),#1626,.T.);
#1720=ADVANCED_FACE('',(#150),#1627,.T.);
#1721=ADVANCED_FACE('',(#151),#1628,.T.);
#1722=ADVANCED_FACE('',(#152),#1629,.T.);
#1723=ADVANCED_FACE('',(#153),#1630,.T.);
#1724=ADVANCED_FACE('',(#154),#1631,.T.);
#1725=ADVANCED_FACE('',(#155),#1632,.T.);
#1726=ADVANCED_FACE('',(#156),#1633,.T.);
#1727=ADVANCED_FACE('',(#157),#1634,.T.);
#1728=ADVANCED_FACE('',(#158),#1635,.T.);
#1729=ADVANCED_FACE('',(#159),#1636,.T.);
#1730=ADVANCED_FACE('',(#160),#1637,.T.);
#1731=ADVANCED_FACE('',(#161),#1638,.T.);
#1732=ADVANCED_FACE('',(#162),#1639,.T.);
#1733=ADVANCED_FACE('',(#163),#1640,.T.);
#1734=ADVANCED_FACE('',(#164),#1641,.T.);
#1735=ADVANCED_FACE('',(#165),#1642,.T.);
#1736=ADVANCED_FACE('',(#166),#1643,.T.);
#1737=ADVANCED_FACE('',(#167),#1644,.T.);
#1738=ADVANCED_FACE('',(#168),#1645,.T.);
#1739=ADVANCED_FACE('',(#169),#1646,.T.);
#1740=ADVANCED_FACE('',(#170),#1647,.T.);
#1741=ADVANCED_FACE('',(#171),#1648,.T.);
#1742=ADVANCED_FACE('',(#172),#1649,.T.);
#1743=ADVANCED_FACE('',(#173),#1650,.T.);
#1744=ADVANCED_FACE('',(#174),#1651,.T.);
#1745=ADVANCED_FACE('',(#175),#1652,.T.);
#1746=ADVANCED_FACE('',(#176),#84,.T.);
#1747=ADVANCED_FACE('',(#177),#1653,.T.);
#1748=ADVANCED_FACE('',(#178),#85,.T.);
#1749=ADVANCED_FACE('',(#179),#1654,.T.);
#1750=ADVANCED_FACE('',(#180),#86,.T.);
#1751=ADVANCED_FACE('',(#181),#1655,.T.);
#1752=ADVANCED_FACE('',(#182),#87,.T.);
#1753=ADVANCED_FACE('',(#183),#1656,.T.);
#1754=ADVANCED_FACE('',(#184),#1657,.F.);
#1755=CLOSED_SHELL('',(#1658,#1659,#1660,#1661,#1662,#1663,#1664,#1665,
#1666,#1667,#1668,#1669,#1670,#1671,#1672));
#1756=CLOSED_SHELL('',(#1673,#1674,#1675,#1676,#1677,#1678,#1679,#1680,
#1681,#1682,#1683,#1684,#1685,#1686,#1687,#1688,#1689,#1690,#1691,#1692,
#1693,#1694,#1695,#1696,#1697,#1698,#1699,#1700,#1701,#1702,#1703,#1704,
#1705,#1706,#1707,#1708,#1709,#1710,#1711,#1712,#1713,#1714,#1715,#1716,
#1717,#1718,#1719,#1720,#1721,#1722,#1723,#1724,#1725,#1726,#1727,#1728,
#1729,#1730,#1731,#1732,#1733,#1734,#1735,#1736,#1737,#1738,#1739,#1740,
#1741,#1742,#1743,#1744,#1745,#1746,#1747,#1748,#1749,#1750,#1751,#1752,
#1753,#1754));
#1757=DERIVED_UNIT_ELEMENT(#1759,1.);
#1758=DERIVED_UNIT_ELEMENT(#2856,-3.);
#1759=(
MASS_UNIT()
NAMED_UNIT(*)
SI_UNIT(.KILO.,.GRAM.)
);
#1760=DERIVED_UNIT((#1757,#1758));
#1761=MEASURE_REPRESENTATION_ITEM('density measure',
POSITIVE_RATIO_MEASURE(7850.),#1760);
#1762=PROPERTY_DEFINITION_REPRESENTATION(#1767,#1764);
#1763=PROPERTY_DEFINITION_REPRESENTATION(#1768,#1765);
#1764=REPRESENTATION('material name',(#1766),#2853);
#1765=REPRESENTATION('density',(#1761),#2853);
#1766=DESCRIPTIVE_REPRESENTATION_ITEM('Steel','Steel');
#1767=PROPERTY_DEFINITION('material property','material name',#2868);
#1768=PROPERTY_DEFINITION('material property','density of part',#2868);
#1769=AXIS2_PLACEMENT_3D('',#2359,#1897,#1898);
#1770=AXIS2_PLACEMENT_3D('',#2360,#1899,#1900);
#1771=AXIS2_PLACEMENT_3D('',#2361,#1901,#1902);
#1772=AXIS2_PLACEMENT_3D('',#2370,#1907,#1908);
#1773=AXIS2_PLACEMENT_3D('',#2376,#1912,#1913);
#1774=AXIS2_PLACEMENT_3D('',#2382,#1917,#1918);
#1775=AXIS2_PLACEMENT_3D('',#2385,#1921,#1922);
#1776=AXIS2_PLACEMENT_3D('',#2386,#1923,#1924);
#1777=AXIS2_PLACEMENT_3D('',#2388,#1925,#1926);
#1778=AXIS2_PLACEMENT_3D('',#2391,#1928,#1929);
#1779=AXIS2_PLACEMENT_3D('',#2392,#1930,#1931);
#1780=AXIS2_PLACEMENT_3D('',#2394,#1932,#1933);
#1781=AXIS2_PLACEMENT_3D('',#2397,#1935,#1936);
#1782=AXIS2_PLACEMENT_3D('',#2398,#1937,#1938);
#1783=AXIS2_PLACEMENT_3D('',#2400,#1939,#1940);
#1784=AXIS2_PLACEMENT_3D('',#2403,#1942,#1943);
#1785=AXIS2_PLACEMENT_3D('',#2404,#1944,#1945);
#1786=AXIS2_PLACEMENT_3D('',#2406,#1946,#1947);
#1787=AXIS2_PLACEMENT_3D('',#2409,#1949,#1950);
#1788=AXIS2_PLACEMENT_3D('',#2410,#1951,#1952);
#1789=AXIS2_PLACEMENT_3D('',#2419,#1957,#1958);
#1790=AXIS2_PLACEMENT_3D('',#2425,#1962,#1963);
#1791=AXIS2_PLACEMENT_3D('',#2431,#1967,#1968);
#1792=AXIS2_PLACEMENT_3D('',#2434,#1971,#1972);
#1793=AXIS2_PLACEMENT_3D('',#2435,#1973,#1974);
#1794=AXIS2_PLACEMENT_3D('',#2436,#1975,#1976);
#1795=AXIS2_PLACEMENT_3D('',#2445,#1981,#1982);
#1796=AXIS2_PLACEMENT_3D('',#2451,#1986,#1987);
#1797=AXIS2_PLACEMENT_3D('',#2456,#1990,#1991);
#1798=AXIS2_PLACEMENT_3D('',#2458,#1992,#1993);
#1799=AXIS2_PLACEMENT_3D('',#2459,#1994,#1995);
#1800=AXIS2_PLACEMENT_3D('',#2463,#1998,#1999);
#1801=AXIS2_PLACEMENT_3D('',#2465,#2001,#2002);
#1802=AXIS2_PLACEMENT_3D('',#2474,#2007,#2008);
#1803=AXIS2_PLACEMENT_3D('',#2480,#2012,#2013);
#1804=AXIS2_PLACEMENT_3D('',#2485,#2016,#2017);
#1805=AXIS2_PLACEMENT_3D('',#2487,#2018,#2019);
#1806=AXIS2_PLACEMENT_3D('',#2488,#2020,#2021);
#1807=AXIS2_PLACEMENT_3D('',#2492,#2024,#2025);
#1808=AXIS2_PLACEMENT_3D('',#2494,#2027,#2028);
#1809=AXIS2_PLACEMENT_3D('',#2503,#2033,#2034);
#1810=AXIS2_PLACEMENT_3D('',#2509,#2038,#2039);
#1811=AXIS2_PLACEMENT_3D('',#2515,#2043,#2044);
#1812=AXIS2_PLACEMENT_3D('',#2518,#2047,#2048);
#1813=AXIS2_PLACEMENT_3D('',#2519,#2049,#2050);
#1814=AXIS2_PLACEMENT_3D('',#2528,#2055,#2056);
#1815=AXIS2_PLACEMENT_3D('',#2534,#2060,#2061);
#1816=AXIS2_PLACEMENT_3D('',#2548,#2069,#2070);
#1817=AXIS2_PLACEMENT_3D('',#2557,#2075,#2076);
#1818=AXIS2_PLACEMENT_3D('',#2560,#2079,#2080);
#1819=AXIS2_PLACEMENT_3D('',#2563,#2083,#2084);
#1820=AXIS2_PLACEMENT_3D('',#2564,#2085,#2086);
#1821=AXIS2_PLACEMENT_3D('',#2570,#2089,#2090);
#1822=AXIS2_PLACEMENT_3D('',#2574,#2092,#2093);
#1823=AXIS2_PLACEMENT_3D('',#2578,#2095,#2096);
#1824=AXIS2_PLACEMENT_3D('',#2590,#2102,#2103);
#1825=AXIS2_PLACEMENT_3D('',#2647,#2132,#2133);
#1826=AXIS2_PLACEMENT_3D('',#2649,#2134,#2135);
#1827=AXIS2_PLACEMENT_3D('',#2650,#2136,#2137);
#1828=AXIS2_PLACEMENT_3D('',#2652,#2138,#2139);
#1829=AXIS2_PLACEMENT_3D('',#2654,#2141,#2142);
#1830=AXIS2_PLACEMENT_3D('',#2655,#2143,#2144);
#1831=AXIS2_PLACEMENT_3D('',#2657,#2145,#2146);
#1832=AXIS2_PLACEMENT_3D('',#2659,#2148,#2149);
#1833=AXIS2_PLACEMENT_3D('',#2660,#2150,#2151);
#1834=AXIS2_PLACEMENT_3D('',#2664,#2154,#2155);
#1835=AXIS2_PLACEMENT_3D('',#2668,#2158,#2159);
#1836=AXIS2_PLACEMENT_3D('',#2670,#2161,#2162);
#1837=AXIS2_PLACEMENT_3D('',#2672,#2163,#2164);
#1838=AXIS2_PLACEMENT_3D('',#2674,#2166,#2167);
#1839=AXIS2_PLACEMENT_3D('',#2675,#2168,#2169);
#1840=AXIS2_PLACEMENT_3D('',#2677,#2170,#2171);
#1841=AXIS2_PLACEMENT_3D('',#2679,#2173,#2174);
#1842=AXIS2_PLACEMENT_3D('',#2680,#2175,#2176);
#1843=AXIS2_PLACEMENT_3D('',#2682,#2177,#2178);
#1844=AXIS2_PLACEMENT_3D('',#2684,#2180,#2181);
#1845=AXIS2_PLACEMENT_3D('',#2685,#2182,#2183);
#1846=AXIS2_PLACEMENT_3D('',#2687,#2184,#2185);
#1847=AXIS2_PLACEMENT_3D('',#2689,#2187,#2188);
#1848=AXIS2_PLACEMENT_3D('',#2690,#2189,#2190);
#1849=AXIS2_PLACEMENT_3D('',#2696,#2194,#2195);
#1850=AXIS2_PLACEMENT_3D('',#2700,#2198,#2199);
#1851=AXIS2_PLACEMENT_3D('',#2704,#2202,#2203);
#1852=AXIS2_PLACEMENT_3D('',#2708,#2206,#2207);
#1853=AXIS2_PLACEMENT_3D('',#2712,#2210,#2211);
#1854=AXIS2_PLACEMENT_3D('',#2714,#2213,#2214);
#1855=AXIS2_PLACEMENT_3D('',#2715,#2215,#2216);
#1856=AXIS2_PLACEMENT_3D('',#2721,#2220,#2221);
#1857=AXIS2_PLACEMENT_3D('',#2725,#2224,#2225);
#1858=AXIS2_PLACEMENT_3D('',#2729,#2228,#2229);
#1859=AXIS2_PLACEMENT_3D('',#2731,#2231,#2232);
#1860=AXIS2_PLACEMENT_3D('',#2732,#2233,#2234);
#1861=AXIS2_PLACEMENT_3D('',#2738,#2238,#2239);
#1862=AXIS2_PLACEMENT_3D('',#2742,#2242,#2243);
#1863=AXIS2_PLACEMENT_3D('',#2746,#2246,#2247);
#1864=AXIS2_PLACEMENT_3D('',#2750,#2250,#2251);
#1865=AXIS2_PLACEMENT_3D('',#2754,#2254,#2255);
#1866=AXIS2_PLACEMENT_3D('',#2756,#2257,#2258);
#1867=AXIS2_PLACEMENT_3D('',#2757,#2259,#2260);
#1868=AXIS2_PLACEMENT_3D('',#2763,#2264,#2265);
#1869=AXIS2_PLACEMENT_3D('',#2767,#2268,#2269);
#1870=AXIS2_PLACEMENT_3D('',#2771,#2272,#2273);
#1871=AXIS2_PLACEMENT_3D('',#2775,#2276,#2277);
#1872=AXIS2_PLACEMENT_3D('',#2779,#2280,#2281);
#1873=AXIS2_PLACEMENT_3D('',#2781,#2283,#2284);
#1874=AXIS2_PLACEMENT_3D('',#2782,#2285,#2286);
#1875=AXIS2_PLACEMENT_3D('',#2788,#2290,#2291);
#1876=AXIS2_PLACEMENT_3D('',#2792,#2294,#2295);
#1877=AXIS2_PLACEMENT_3D('',#2796,#2298,#2299);
#1878=AXIS2_PLACEMENT_3D('',#2798,#2301,#2302);
#1879=AXIS2_PLACEMENT_3D('',#2799,#2303,#2304);
#1880=AXIS2_PLACEMENT_3D('',#2805,#2308,#2309);
#1881=AXIS2_PLACEMENT_3D('',#2809,#2312,#2313);
#1882=AXIS2_PLACEMENT_3D('',#2813,#2316,#2317);
#1883=AXIS2_PLACEMENT_3D('',#2817,#2320,#2321);
#1884=AXIS2_PLACEMENT_3D('',#2819,#2322,#2323);
#1885=AXIS2_PLACEMENT_3D('',#2821,#2325,#2326);
#1886=AXIS2_PLACEMENT_3D('',#2825,#2329,#2330);
#1887=AXIS2_PLACEMENT_3D('',#2827,#2331,#2332);
#1888=AXIS2_PLACEMENT_3D('',#2829,#2334,#2335);
#1889=AXIS2_PLACEMENT_3D('',#2833,#2338,#2339);
#1890=AXIS2_PLACEMENT_3D('',#2835,#2340,#2341);
#1891=AXIS2_PLACEMENT_3D('',#2837,#2343,#2344);
#1892=AXIS2_PLACEMENT_3D('',#2841,#2347,#2348);
#1893=AXIS2_PLACEMENT_3D('',#2843,#2349,#2350);
#1894=AXIS2_PLACEMENT_3D('',#2845,#2352,#2353);
#1895=AXIS2_PLACEMENT_3D('',#2847,#2355,#2356);
#1896=AXIS2_PLACEMENT_3D('',#2848,#2357,#2358);
#1897=DIRECTION('axis',(0.,0.,1.));
#1898=DIRECTION('refdir',(1.,0.,0.));
#1899=DIRECTION('axis',(0.,0.,1.));
#1900=DIRECTION('refdir',(1.,0.,0.));
#1901=DIRECTION('center_axis',(1.,0.,0.));
#1902=DIRECTION('ref_axis',(0.,-1.,0.));
#1903=DIRECTION('',(0.,1.,0.));
#1904=DIRECTION('',(0.,0.,-1.));
#1905=DIRECTION('',(0.,-1.,0.));
#1906=DIRECTION('',(0.,0.,-1.));
#1907=DIRECTION('center_axis',(0.,1.,0.));
#1908=DIRECTION('ref_axis',(1.,0.,0.));
#1909=DIRECTION('',(-1.,0.,0.));
#1910=DIRECTION('',(1.,0.,0.));
#1911=DIRECTION('',(0.,0.,-1.));
#1912=DIRECTION('center_axis',(-1.,0.,0.));
#1913=DIRECTION('ref_axis',(0.,1.,0.));
#1914=DIRECTION('',(0.,-1.,0.));
#1915=DIRECTION('',(0.,1.,0.));
#1916=DIRECTION('',(0.,0.,-1.));
#1917=DIRECTION('center_axis',(0.,-1.,0.));
#1918=DIRECTION('ref_axis',(-1.,0.,0.));
#1919=DIRECTION('',(1.,0.,0.));
#1920=DIRECTION('',(-1.,0.,0.));
#1921=DIRECTION('center_axis',(0.,0.,-1.));
#1922=DIRECTION('ref_axis',(-1.,0.,0.));
#1923=DIRECTION('center_axis',(0.,0.,1.));
#1924=DIRECTION('ref_axis',(1.,0.,0.));
#1925=DIRECTION('center_axis',(0.,0.,-1.));
#1926=DIRECTION('ref_axis',(1.,0.,0.));
#1927=DIRECTION('',(0.,0.,-1.));
#1928=DIRECTION('center_axis',(0.,0.,-1.));
#1929=DIRECTION('ref_axis',(1.,0.,0.));
#1930=DIRECTION('center_axis',(0.,0.,1.));
#1931=DIRECTION('ref_axis',(1.,0.,0.));
#1932=DIRECTION('center_axis',(0.,0.,-1.));
#1933=DIRECTION('ref_axis',(1.,0.,0.));
#1934=DIRECTION('',(0.,0.,-1.));
#1935=DIRECTION('center_axis',(0.,0.,-1.));
#1936=DIRECTION('ref_axis',(1.,0.,0.));
#1937=DIRECTION('center_axis',(0.,0.,1.));
#1938=DIRECTION('ref_axis',(1.,0.,0.));
#1939=DIRECTION('center_axis',(0.,0.,-1.));
#1940=DIRECTION('ref_axis',(1.,0.,0.));
#1941=DIRECTION('',(0.,0.,-1.));
#1942=DIRECTION('center_axis',(0.,0.,-1.));
#1943=DIRECTION('ref_axis',(1.,0.,0.));
#1944=DIRECTION('center_axis',(0.,0.,1.));
#1945=DIRECTION('ref_axis',(1.,0.,0.));
#1946=DIRECTION('center_axis',(0.,0.,-1.));
#1947=DIRECTION('ref_axis',(1.,0.,0.));
#1948=DIRECTION('',(0.,0.,-1.));
#1949=DIRECTION('center_axis',(0.,0.,-1.));
#1950=DIRECTION('ref_axis',(1.,0.,0.));
#1951=DIRECTION('center_axis',(0.,1.,0.));
#1952=DIRECTION('ref_axis',(-1.,0.,0.));
#1953=DIRECTION('',(-1.,0.,0.));
#1954=DIRECTION('',(0.,0.,1.));
#1955=DIRECTION('',(-1.,0.,0.));
#1956=DIRECTION('',(0.,0.,1.));
#1957=DIRECTION('center_axis',(1.,0.,0.));
#1958=DIRECTION('ref_axis',(0.,1.,0.));
#1959=DIRECTION('',(0.,1.,0.));
#1960=DIRECTION('',(0.,1.,0.));
#1961=DIRECTION('',(0.,0.,1.));
#1962=DIRECTION('center_axis',(0.,-1.,0.));
#1963=DIRECTION('ref_axis',(1.,0.,0.));
#1964=DIRECTION('',(1.,0.,0.));
#1965=DIRECTION('',(1.,0.,0.));
#1966=DIRECTION('',(0.,0.,1.));
#1967=DIRECTION('center_axis',(-1.,-3.06108070631084E-33,0.));
#1968=DIRECTION('ref_axis',(3.06108070631084E-33,-1.,0.));
#1969=DIRECTION('',(3.06108070631084E-33,-1.,0.));
#1970=DIRECTION('',(3.06108070631084E-33,-1.,0.));
#1971=DIRECTION('center_axis',(0.,0.,1.));
#1972=DIRECTION('ref_axis',(1.,0.,0.));
#1973=DIRECTION('center_axis',(0.,0.,1.));
#1974=DIRECTION('ref_axis',(1.,0.,0.));
#1975=DIRECTION('center_axis',(0.,1.,0.));
#1976=DIRECTION('ref_axis',(-1.,0.,0.));
#1977=DIRECTION('',(1.,0.,0.));
#1978=DIRECTION('',(0.,0.,1.));
#1979=DIRECTION('',(-1.,0.,0.));
#1980=DIRECTION('',(0.,0.,1.));
#1981=DIRECTION('center_axis',(-1.,0.,0.));
#1982=DIRECTION('ref_axis',(0.,-1.,0.));
#1983=DIRECTION('',(0.,1.,0.));
#1984=DIRECTION('',(0.,0.,1.));
#1985=DIRECTION('',(0.,-1.,0.));
#1986=DIRECTION('center_axis',(0.,0.,1.));
#1987=DIRECTION('ref_axis',(1.,0.,0.));
#1988=DIRECTION('',(1.,0.,0.));
#1989=DIRECTION('',(0.,1.,0.));
#1990=DIRECTION('center_axis',(0.,0.,1.));
#1991=DIRECTION('ref_axis',(-1.,0.,0.));
#1992=DIRECTION('center_axis',(0.,0.,1.));
#1993=DIRECTION('ref_axis',(-1.,0.,0.));
#1994=DIRECTION('center_axis',(1.,0.,0.));
#1995=DIRECTION('ref_axis',(0.,1.,0.));
#1996=DIRECTION('',(0.,-1.,0.));
#1997=DIRECTION('',(0.,0.,1.));
#1998=DIRECTION('center_axis',(0.,-1.,0.));
#1999=DIRECTION('ref_axis',(1.,0.,0.));
#2000=DIRECTION('',(-1.,0.,0.));
#2001=DIRECTION('center_axis',(0.,1.,0.));
#2002=DIRECTION('ref_axis',(-1.,0.,0.));
#2003=DIRECTION('',(1.,0.,0.));
#2004=DIRECTION('',(0.,0.,1.));
#2005=DIRECTION('',(-1.,0.,0.));
#2006=DIRECTION('',(0.,0.,1.));
#2007=DIRECTION('center_axis',(-1.,0.,0.));
#2008=DIRECTION('ref_axis',(0.,-1.,0.));
#2009=DIRECTION('',(0.,1.,0.));
#2010=DIRECTION('',(0.,0.,1.));
#2011=DIRECTION('',(0.,-1.,0.));
#2012=DIRECTION('center_axis',(0.,0.,1.));
#2013=DIRECTION('ref_axis',(1.,0.,0.));
#2014=DIRECTION('',(1.,0.,0.));
#2015=DIRECTION('',(0.,1.,0.));
#2016=DIRECTION('center_axis',(0.,0.,1.));
#2017=DIRECTION('ref_axis',(-1.,0.,0.));
#2018=DIRECTION('center_axis',(0.,0.,1.));
#2019=DIRECTION('ref_axis',(-1.,0.,0.));
#2020=DIRECTION('center_axis',(1.,0.,0.));
#2021=DIRECTION('ref_axis',(0.,1.,0.));
#2022=DIRECTION('',(0.,-1.,0.));
#2023=DIRECTION('',(0.,0.,1.));
#2024=DIRECTION('center_axis',(0.,-1.,0.));
#2025=DIRECTION('ref_axis',(1.,0.,0.));
#2026=DIRECTION('',(-1.,0.,0.));
#2027=DIRECTION('center_axis',(1.,0.,0.));
#2028=DIRECTION('ref_axis',(0.,1.,0.));
#2029=DIRECTION('',(0.,-1.,0.));
#2030=DIRECTION('',(0.,0.,1.));
#2031=DIRECTION('',(0.,1.,0.));
#2032=DIRECTION('',(0.,0.,1.));
#2033=DIRECTION('center_axis',(0.,1.,0.));
#2034=DIRECTION('ref_axis',(-1.,0.,0.));
#2035=DIRECTION('',(1.,0.,0.));
#2036=DIRECTION('',(0.,0.,1.));
#2037=DIRECTION('',(-1.,0.,0.));
#2038=DIRECTION('center_axis',(0.,-1.,0.));
#2039=DIRECTION('ref_axis',(1.,0.,0.));
#2040=DIRECTION('',(-1.,0.,0.));
#2041=DIRECTION('',(1.,0.,0.));
#2042=DIRECTION('',(0.,0.,1.));
#2043=DIRECTION('center_axis',(-1.,0.,0.));
#2044=DIRECTION('ref_axis',(0.,-1.,0.));
#2045=DIRECTION('',(0.,1.,0.));
#2046=DIRECTION('',(0.,-1.,0.));
#2047=DIRECTION('center_axis',(0.,0.,1.));
#2048=DIRECTION('ref_axis',(1.,0.,0.));
#2049=DIRECTION('center_axis',(1.,0.,0.));
#2050=DIRECTION('ref_axis',(0.,1.,0.));
#2051=DIRECTION('',(0.,-1.,0.));
#2052=DIRECTION('',(0.,0.,1.));
#2053=DIRECTION('',(0.,1.,0.));
#2054=DIRECTION('',(0.,0.,1.));
#2055=DIRECTION('center_axis',(0.,0.,1.));
#2056=DIRECTION('ref_axis',(-1.,0.,0.));
#2057=DIRECTION('',(-1.,0.,0.));
#2058=DIRECTION('',(0.,-1.,0.));
#2059=DIRECTION('',(1.,0.,0.));
#2060=DIRECTION('center_axis',(1.,0.,0.));
#2061=DIRECTION('ref_axis',(0.,1.,0.));
#2062=DIRECTION('',(0.,0.,1.));
#2063=DIRECTION('',(0.,-1.,0.));
#2064=DIRECTION('',(0.,0.,1.));
#2065=DIRECTION('',(0.,-1.,0.));
#2066=DIRECTION('',(0.,0.,1.));
#2067=DIRECTION('',(0.,-1.,0.));
#2068=DIRECTION('',(0.,0.,1.));
#2069=DIRECTION('center_axis',(-1.,0.,0.));
#2070=DIRECTION('ref_axis',(0.,-1.,0.));
#2071=DIRECTION('',(0.,1.,0.));
#2072=DIRECTION('',(0.,0.,1.));
#2073=DIRECTION('',(0.,-1.,0.));
#2074=DIRECTION('',(0.,0.,1.));
#2075=DIRECTION('center_axis',(0.,1.,0.));
#2076=DIRECTION('ref_axis',(-1.,0.,0.));
#2077=DIRECTION('',(1.,0.,0.));
#2078=DIRECTION('',(-1.,0.,0.));
#2079=DIRECTION('center_axis',(0.,-1.,0.));
#2080=DIRECTION('ref_axis',(1.,0.,0.));
#2081=DIRECTION('',(-1.,0.,0.));
#2082=DIRECTION('',(1.,0.,0.));
#2083=DIRECTION('center_axis',(0.,0.,1.));
#2084=DIRECTION('ref_axis',(1.,0.,0.));
#2085=DIRECTION('center_axis',(0.,0.,1.));
#2086=DIRECTION('ref_axis',(1.,0.,0.));
#2087=DIRECTION('',(1.,0.,0.));
#2088=DIRECTION('',(3.18629029488834E-16,1.,0.));
#2089=DIRECTION('center_axis',(0.,0.,1.));
#2090=DIRECTION('ref_axis',(1.,1.06581410364014E-14,0.));
#2091=DIRECTION('',(-1.,0.,0.));
#2092=DIRECTION('center_axis',(0.,0.,1.));
#2093=DIRECTION('ref_axis',(-2.33146835171282E-15,1.,0.));
#2094=DIRECTION('',(0.,-1.,0.));
#2095=DIRECTION('center_axis',(0.,0.,1.));
#2096=DIRECTION('ref_axis',(-1.,-2.44249065417535E-15,0.));
#2097=DIRECTION('',(1.,3.127388801761E-18,0.));
#2098=DIRECTION('',(0.,1.,0.));
#2099=DIRECTION('',(1.,0.,0.));
#2100=DIRECTION('',(0.,-1.,0.));
#2101=DIRECTION('',(1.,3.127388801761E-18,0.));
#2102=DIRECTION('center_axis',(0.,0.,1.));
#2103=DIRECTION('ref_axis',(0.,-1.,0.));
#2104=DIRECTION('',(3.18629029488834E-16,1.,0.));
#2105=DIRECTION('',(-1.,0.,0.));
#2106=DIRECTION('',(0.,-1.,0.));
#2107=DIRECTION('',(-1.,0.,0.));
#2108=DIRECTION('',(0.,1.,0.));
#2109=DIRECTION('',(1.,0.,0.));
#2110=DIRECTION('',(0.,1.,0.));
#2111=DIRECTION('',(1.,0.,0.));
#2112=DIRECTION('',(-1.,0.,0.));
#2113=DIRECTION('',(0.,1.,0.));
#2114=DIRECTION('',(1.,0.,0.));
#2115=DIRECTION('',(0.,-1.,0.));
#2116=DIRECTION('',(0.,-1.,0.));
#2117=DIRECTION('',(-1.,0.,0.));
#2118=DIRECTION('',(1.81260899223497E-16,-1.,0.));
#2119=DIRECTION('',(-1.,0.,0.));
#2120=DIRECTION('',(-1.77635681293047E-16,1.,0.));
#2121=DIRECTION('',(1.,0.,0.));
#2122=DIRECTION('',(-1.,0.,0.));
#2123=DIRECTION('',(0.,1.,0.));
#2124=DIRECTION('',(-1.,0.,0.));
#2125=DIRECTION('',(0.,1.,0.));
#2126=DIRECTION('',(1.,0.,0.));
#2127=DIRECTION('',(0.,-1.,0.));
#2128=DIRECTION('',(1.,0.,0.));
#2129=DIRECTION('',(3.74107117466711E-16,-1.,0.));
#2130=DIRECTION('',(-1.,0.,0.));
#2131=DIRECTION('',(-3.74107117466711E-16,1.,0.));
#2132=DIRECTION('center_axis',(0.,0.,-1.));
#2133=DIRECTION('ref_axis',(-1.,0.,0.));
#2134=DIRECTION('center_axis',(0.,0.,-1.));
#2135=DIRECTION('ref_axis',(-1.,0.,0.));
#2136=DIRECTION('center_axis',(0.,0.,1.));
#2137=DIRECTION('ref_axis',(-1.,0.,0.));
#2138=DIRECTION('center_axis',(0.,0.,1.));
#2139=DIRECTION('ref_axis',(-1.,0.,0.));
#2140=DIRECTION('',(0.,0.,-1.));
#2141=DIRECTION('center_axis',(0.,0.,1.));
#2142=DIRECTION('ref_axis',(-1.,0.,0.));
#2143=DIRECTION('center_axis',(0.,0.,1.));
#2144=DIRECTION('ref_axis',(-1.,0.,0.));
#2145=DIRECTION('center_axis',(0.,0.,1.));
#2146=DIRECTION('ref_axis',(-1.,0.,0.));
#2147=DIRECTION('',(0.,0.,-1.));
#2148=DIRECTION('center_axis',(0.,0.,1.));
#2149=DIRECTION('ref_axis',(-1.,0.,0.));
#2150=DIRECTION('center_axis',(0.,-1.,0.));
#2151=DIRECTION('ref_axis',(1.,0.,0.));
#2152=DIRECTION('',(0.,0.,1.));
#2153=DIRECTION('',(1.,0.,0.));
#2154=DIRECTION('center_axis',(0.,1.,0.));
#2155=DIRECTION('ref_axis',(-1.,0.,0.));
#2156=DIRECTION('',(-1.,0.,0.));
#2157=DIRECTION('',(0.,0.,1.));
#2158=DIRECTION('center_axis',(0.,0.,1.));
#2159=DIRECTION('ref_axis',(1.,0.,0.));
#2160=DIRECTION('',(0.,1.,0.));
#2161=DIRECTION('center_axis',(0.,0.,1.));
#2162=DIRECTION('ref_axis',(-1.,0.,0.));
#2163=DIRECTION('center_axis',(0.,0.,1.));
#2164=DIRECTION('ref_axis',(-1.,0.,0.));
#2165=DIRECTION('',(0.,0.,-1.));
#2166=DIRECTION('center_axis',(0.,0.,1.));
#2167=DIRECTION('ref_axis',(-1.,0.,0.));
#2168=DIRECTION('center_axis',(0.,0.,1.));
#2169=DIRECTION('ref_axis',(-1.,0.,0.));
#2170=DIRECTION('center_axis',(0.,0.,1.));
#2171=DIRECTION('ref_axis',(-1.,0.,0.));
#2172=DIRECTION('',(0.,0.,-1.));
#2173=DIRECTION('center_axis',(0.,0.,1.));
#2174=DIRECTION('ref_axis',(-1.,0.,0.));
#2175=DIRECTION('center_axis',(0.,0.,1.));
#2176=DIRECTION('ref_axis',(-1.,0.,0.));
#2177=DIRECTION('center_axis',(0.,0.,1.));
#2178=DIRECTION('ref_axis',(-1.,0.,0.));
#2179=DIRECTION('',(0.,0.,-1.));
#2180=DIRECTION('center_axis',(0.,0.,1.));
#2181=DIRECTION('ref_axis',(-1.,0.,0.));
#2182=DIRECTION('center_axis',(0.,0.,1.));
#2183=DIRECTION('ref_axis',(-1.,0.,0.));
#2184=DIRECTION('center_axis',(0.,0.,1.));
#2185=DIRECTION('ref_axis',(-1.,0.,0.));
#2186=DIRECTION('',(0.,0.,-1.));
#2187=DIRECTION('center_axis',(0.,0.,1.));
#2188=DIRECTION('ref_axis',(-1.,0.,0.));
#2189=DIRECTION('center_axis',(1.,0.,0.));
#2190=DIRECTION('ref_axis',(0.,1.,0.));
#2191=DIRECTION('',(0.,0.,1.));
#2192=DIRECTION('',(0.,1.,0.));
#2193=DIRECTION('',(0.,0.,1.));
#2194=DIRECTION('center_axis',(0.,-1.,0.));
#2195=DIRECTION('ref_axis',(1.,0.,0.));
#2196=DIRECTION('',(1.,0.,0.));
#2197=DIRECTION('',(0.,0.,1.));
#2198=DIRECTION('center_axis',(-1.,0.,0.));
#2199=DIRECTION('ref_axis',(0.,-1.,0.));
#2200=DIRECTION('',(0.,-1.,0.));
#2201=DIRECTION('',(0.,0.,1.));
#2202=DIRECTION('center_axis',(0.,1.,0.));
#2203=DIRECTION('ref_axis',(-1.,0.,0.));
#2204=DIRECTION('',(-1.,0.,0.));
#2205=DIRECTION('',(0.,0.,1.));
#2206=DIRECTION('center_axis',(-1.,0.,0.));
#2207=DIRECTION('ref_axis',(0.,-1.,0.));
#2208=DIRECTION('',(0.,-1.,0.));
#2209=DIRECTION('',(0.,0.,1.));
#2210=DIRECTION('center_axis',(0.,1.,0.));
#2211=DIRECTION('ref_axis',(-1.,0.,0.));
#2212=DIRECTION('',(-1.,0.,0.));
#2213=DIRECTION('center_axis',(0.,0.,1.));
#2214=DIRECTION('ref_axis',(1.,0.,0.));
#2215=DIRECTION('center_axis',(0.,-1.,0.));
#2216=DIRECTION('ref_axis',(1.,0.,0.));
#2217=DIRECTION('',(0.,0.,1.));
#2218=DIRECTION('',(1.,0.,0.));
#2219=DIRECTION('',(0.,0.,1.));
#2220=DIRECTION('center_axis',(-1.,0.,0.));
#2221=DIRECTION('ref_axis',(0.,-1.,0.));
#2222=DIRECTION('',(0.,-1.,0.));
#2223=DIRECTION('',(0.,0.,1.));
#2224=DIRECTION('center_axis',(0.,1.,0.));
#2225=DIRECTION('ref_axis',(-1.,0.,0.));
#2226=DIRECTION('',(-1.,0.,0.));
#2227=DIRECTION('',(0.,0.,1.));
#2228=DIRECTION('center_axis',(1.,0.,0.));
#2229=DIRECTION('ref_axis',(0.,1.,0.));
#2230=DIRECTION('',(0.,1.,0.));
#2231=DIRECTION('center_axis',(0.,0.,1.));
#2232=DIRECTION('ref_axis',(1.,0.,0.));
#2233=DIRECTION('center_axis',(1.,0.,0.));
#2234=DIRECTION('ref_axis',(0.,1.,0.));
#2235=DIRECTION('',(0.,0.,1.));
#2236=DIRECTION('',(0.,1.,0.));
#2237=DIRECTION('',(0.,0.,1.));
#2238=DIRECTION('center_axis',(0.,-1.,0.));
#2239=DIRECTION('ref_axis',(1.,0.,0.));
#2240=DIRECTION('',(1.,0.,0.));
#2241=DIRECTION('',(0.,0.,1.));
#2242=DIRECTION('center_axis',(1.,1.81260899223497E-16,0.));
#2243=DIRECTION('ref_axis',(-1.81260899223497E-16,1.,0.));
#2244=DIRECTION('',(-1.81260899223497E-16,1.,0.));
#2245=DIRECTION('',(0.,0.,1.));
#2246=DIRECTION('center_axis',(0.,-1.,0.));
#2247=DIRECTION('ref_axis',(1.,0.,0.));
#2248=DIRECTION('',(1.,0.,0.));
#2249=DIRECTION('',(0.,0.,1.));
#2250=DIRECTION('center_axis',(-1.,-1.77635681293047E-16,0.));
#2251=DIRECTION('ref_axis',(1.77635681293047E-16,-1.,0.));
#2252=DIRECTION('',(1.77635681293047E-16,-1.,0.));
#2253=DIRECTION('',(0.,0.,1.));
#2254=DIRECTION('center_axis',(0.,1.,0.));
#2255=DIRECTION('ref_axis',(-1.,0.,0.));
#2256=DIRECTION('',(-1.,0.,0.));
#2257=DIRECTION('center_axis',(0.,0.,1.));
#2258=DIRECTION('ref_axis',(1.,0.,0.));
#2259=DIRECTION('center_axis',(0.,-1.,0.));
#2260=DIRECTION('ref_axis',(1.,0.,0.));
#2261=DIRECTION('',(0.,0.,1.));
#2262=DIRECTION('',(1.,0.,0.));
#2263=DIRECTION('',(0.,0.,1.));
#2264=DIRECTION('center_axis',(-1.,0.,0.));
#2265=DIRECTION('ref_axis',(0.,-1.,0.));
#2266=DIRECTION('',(0.,-1.,0.));
#2267=DIRECTION('',(0.,0.,1.));
#2268=DIRECTION('center_axis',(0.,-1.,0.));
#2269=DIRECTION('ref_axis',(1.,0.,0.));
#2270=DIRECTION('',(1.,0.,0.));
#2271=DIRECTION('',(0.,0.,1.));
#2272=DIRECTION('center_axis',(-1.,0.,0.));
#2273=DIRECTION('ref_axis',(0.,-1.,0.));
#2274=DIRECTION('',(0.,-1.,0.));
#2275=DIRECTION('',(0.,0.,1.));
#2276=DIRECTION('center_axis',(0.,1.,0.));
#2277=DIRECTION('ref_axis',(-1.,0.,0.));
#2278=DIRECTION('',(-1.,0.,0.));
#2279=DIRECTION('',(0.,0.,1.));
#2280=DIRECTION('center_axis',(1.,0.,0.));
#2281=DIRECTION('ref_axis',(0.,1.,0.));
#2282=DIRECTION('',(0.,1.,0.));
#2283=DIRECTION('center_axis',(0.,0.,1.));
#2284=DIRECTION('ref_axis',(1.,0.,0.));
#2285=DIRECTION('center_axis',(0.,1.,0.));
#2286=DIRECTION('ref_axis',(-1.,0.,0.));
#2287=DIRECTION('',(0.,0.,1.));
#2288=DIRECTION('',(-1.,0.,0.));
#2289=DIRECTION('',(0.,0.,1.));
#2290=DIRECTION('center_axis',(1.,3.74107117466711E-16,0.));
#2291=DIRECTION('ref_axis',(-3.74107117466711E-16,1.,0.));
#2292=DIRECTION('',(-3.74107117466711E-16,1.,0.));
#2293=DIRECTION('',(0.,0.,1.));
#2294=DIRECTION('center_axis',(0.,-1.,0.));
#2295=DIRECTION('ref_axis',(1.,0.,0.));
#2296=DIRECTION('',(1.,0.,0.));
#2297=DIRECTION('',(0.,0.,1.));
#2298=DIRECTION('center_axis',(-1.,-3.74107117466711E-16,0.));
#2299=DIRECTION('ref_axis',(3.74107117466711E-16,-1.,0.));
#2300=DIRECTION('',(3.74107117466711E-16,-1.,0.));
#2301=DIRECTION('center_axis',(0.,0.,1.));
#2302=DIRECTION('ref_axis',(1.,0.,0.));
#2303=DIRECTION('center_axis',(-1.,0.,0.));
#2304=DIRECTION('ref_axis',(0.,-1.,0.));
#2305=DIRECTION('',(0.,1.,0.));
#2306=DIRECTION('',(0.,0.,1.));
#2307=DIRECTION('',(0.,0.,1.));
#2308=DIRECTION('center_axis',(0.,-1.,0.));
#2309=DIRECTION('ref_axis',(1.,0.,0.));
#2310=DIRECTION('',(1.,0.,0.));
#2311=DIRECTION('',(0.,0.,1.));
#2312=DIRECTION('center_axis',(1.,0.,0.));
#2313=DIRECTION('ref_axis',(0.,1.,0.));
#2314=DIRECTION('',(0.,1.,0.));
#2315=DIRECTION('',(0.,0.,1.));
#2316=DIRECTION('center_axis',(3.127388801761E-18,-1.,0.));
#2317=DIRECTION('ref_axis',(1.,3.127388801761E-18,0.));
#2318=DIRECTION('',(1.,3.127388801761E-18,0.));
#2319=DIRECTION('',(0.,0.,1.));
#2320=DIRECTION('center_axis',(0.,0.,1.));
#2321=DIRECTION('ref_axis',(-1.,-2.44249065417535E-15,0.));
#2322=DIRECTION('center_axis',(0.,0.,1.));
#2323=DIRECTION('ref_axis',(-1.,-2.44249065417535E-15,0.));
#2324=DIRECTION('',(0.,0.,1.));
#2325=DIRECTION('center_axis',(-1.,0.,0.));
#2326=DIRECTION('ref_axis',(0.,-1.,0.));
#2327=DIRECTION('',(0.,-1.,0.));
#2328=DIRECTION('',(0.,0.,1.));
#2329=DIRECTION('center_axis',(0.,0.,1.));
#2330=DIRECTION('ref_axis',(-2.33146835171282E-15,1.,0.));
#2331=DIRECTION('center_axis',(0.,0.,1.));
#2332=DIRECTION('ref_axis',(-2.33146835171282E-15,1.,0.));
#2333=DIRECTION('',(0.,0.,1.));
#2334=DIRECTION('center_axis',(0.,1.,0.));
#2335=DIRECTION('ref_axis',(-1.,0.,0.));
#2336=DIRECTION('',(-1.,0.,0.));
#2337=DIRECTION('',(0.,0.,1.));
#2338=DIRECTION('center_axis',(0.,0.,1.));
#2339=DIRECTION('ref_axis',(1.,1.06581410364014E-14,0.));
#2340=DIRECTION('center_axis',(0.,0.,1.));
#2341=DIRECTION('ref_axis',(1.,1.06581410364014E-14,0.));
#2342=DIRECTION('',(0.,0.,1.));
#2343=DIRECTION('center_axis',(1.,-3.18629029488834E-16,0.));
#2344=DIRECTION('ref_axis',(3.18629029488834E-16,1.,0.));
#2345=DIRECTION('',(3.18629029488834E-16,1.,0.));
#2346=DIRECTION('',(0.,0.,1.));
#2347=DIRECTION('center_axis',(0.,0.,1.));
#2348=DIRECTION('ref_axis',(0.,-1.,0.));
#2349=DIRECTION('center_axis',(0.,0.,1.));
#2350=DIRECTION('ref_axis',(0.,-1.,0.));
#2351=DIRECTION('',(0.,0.,1.));
#2352=DIRECTION('center_axis',(3.127388801761E-18,-1.,0.));
#2353=DIRECTION('ref_axis',(1.,3.127388801761E-18,0.));
#2354=DIRECTION('',(1.,3.127388801761E-18,0.));
#2355=DIRECTION('center_axis',(0.,0.,1.));
#2356=DIRECTION('ref_axis',(1.,0.,0.));
#2357=DIRECTION('',(0.,0.,1.));
#2358=DIRECTION('',(-1.,-5.6024629380147E-14,0.));
#2359=CARTESIAN_POINT('',(0.,0.,0.));
#2360=CARTESIAN_POINT('',(0.,0.,0.));
#2361=CARTESIAN_POINT('Origin',(58.,6.2,0.));
#2362=CARTESIAN_POINT('',(58.,1.2,0.));
#2363=CARTESIAN_POINT('',(58.,6.2,0.));
#2364=CARTESIAN_POINT('',(58.,10.65,0.));
#2365=CARTESIAN_POINT('',(58.,1.2,-4.));
#2366=CARTESIAN_POINT('',(58.,1.2,0.));
#2367=CARTESIAN_POINT('',(58.,6.2,-4.));
#2368=CARTESIAN_POINT('',(58.,6.2,-4.));
#2369=CARTESIAN_POINT('',(58.,6.2,0.));
#2370=CARTESIAN_POINT('Origin',(7.,6.2,0.));
#2371=CARTESIAN_POINT('',(7.,6.2,0.));
#2372=CARTESIAN_POINT('',(19.75,6.2,0.));
#2373=CARTESIAN_POINT('',(7.,6.2,-4.));
#2374=CARTESIAN_POINT('',(7.,6.2,-4.));
#2375=CARTESIAN_POINT('',(7.,6.2,0.));
#2376=CARTESIAN_POINT('Origin',(7.,1.2,0.));
#2377=CARTESIAN_POINT('',(7.,1.2,0.));
#2378=CARTESIAN_POINT('',(7.,8.15,0.));
#2379=CARTESIAN_POINT('',(7.,1.2,-4.));
#2380=CARTESIAN_POINT('',(7.,1.2,-4.));
#2381=CARTESIAN_POINT('',(7.,1.2,0.));
#2382=CARTESIAN_POINT('Origin',(58.,1.2,0.));
#2383=CARTESIAN_POINT('',(45.25,1.2,0.));
#2384=CARTESIAN_POINT('',(58.,1.2,-4.));
#2385=CARTESIAN_POINT('Origin',(32.5,3.7,-4.));
#2386=CARTESIAN_POINT('Origin',(3.5,26.7,0.));
#2387=CARTESIAN_POINT('',(2.,26.7,2.));
#2388=CARTESIAN_POINT('Origin',(3.5,26.7,2.));
#2389=CARTESIAN_POINT('',(2.,26.7,0.));
#2390=CARTESIAN_POINT('',(2.,26.7,0.));
#2391=CARTESIAN_POINT('Origin',(3.5,26.7,0.));
#2392=CARTESIAN_POINT('Origin',(61.5,3.7,0.));
#2393=CARTESIAN_POINT('',(60.,3.7,2.));
#2394=CARTESIAN_POINT('Origin',(61.5,3.7,2.));
#2395=CARTESIAN_POINT('',(60.,3.7,0.));
#2396=CARTESIAN_POINT('',(60.,3.7,0.));
#2397=CARTESIAN_POINT('Origin',(61.5,3.7,0.));
#2398=CARTESIAN_POINT('Origin',(61.5,26.7,0.));
#2399=CARTESIAN_POINT('',(60.,26.7,2.));
#2400=CARTESIAN_POINT('Origin',(61.5,26.7,2.));
#2401=CARTESIAN_POINT('',(60.,26.7,0.));
#2402=CARTESIAN_POINT('',(60.,26.7,0.));
#2403=CARTESIAN_POINT('Origin',(61.5,26.7,0.));
#2404=CARTESIAN_POINT('Origin',(3.5,3.7,0.));
#2405=CARTESIAN_POINT('',(2.,3.7,2.));
#2406=CARTESIAN_POINT('Origin',(3.5,3.7,2.));
#2407=CARTESIAN_POINT('',(2.,3.7,0.));
#2408=CARTESIAN_POINT('',(2.,3.7,0.));
#2409=CARTESIAN_POINT('Origin',(3.5,3.7,0.));
#2410=CARTESIAN_POINT('Origin',(65.,30.2,0.));
#2411=CARTESIAN_POINT('',(65.,30.2,0.));
#2412=CARTESIAN_POINT('',(-9.24446373305873E-32,30.2,0.));
#2413=CARTESIAN_POINT('',(65.,30.2,0.));
#2414=CARTESIAN_POINT('',(0.,30.2,2.));
#2415=CARTESIAN_POINT('',(-9.24446373305873E-32,30.2,0.));
#2416=CARTESIAN_POINT('',(65.,30.2,2.));
#2417=CARTESIAN_POINT('',(65.,30.2,2.));
#2418=CARTESIAN_POINT('',(65.,30.2,0.));
#2419=CARTESIAN_POINT('Origin',(65.,0.,0.));
#2420=CARTESIAN_POINT('',(65.,0.,0.));
#2421=CARTESIAN_POINT('',(65.,0.,0.));
#2422=CARTESIAN_POINT('',(65.,0.,2.));
#2423=CARTESIAN_POINT('',(65.,0.,2.));
#2424=CARTESIAN_POINT('',(65.,0.,0.));
#2425=CARTESIAN_POINT('Origin',(0.,0.,0.));
#2426=CARTESIAN_POINT('',(0.,0.,0.));
#2427=CARTESIAN_POINT('',(0.,0.,0.));
#2428=CARTESIAN_POINT('',(0.,0.,2.));
#2429=CARTESIAN_POINT('',(0.,0.,2.));
#2430=CARTESIAN_POINT('',(0.,0.,0.));
#2431=CARTESIAN_POINT('Origin',(-9.24446373305873E-32,30.2,0.));
#2432=CARTESIAN_POINT('',(-9.24446373305873E-32,30.2,0.));
#2433=CARTESIAN_POINT('',(-9.24446373305873E-32,30.2,2.));
#2434=CARTESIAN_POINT('Origin',(32.5,15.1,2.));
#2435=CARTESIAN_POINT('Origin',(32.5,15.1,0.));
#2436=CARTESIAN_POINT('Origin',(126.257761984816,38.0000005662441,0.));
#2437=CARTESIAN_POINT('',(120.499999001622,38.0000005662441,2.));
#2438=CARTESIAN_POINT('',(126.257761984816,38.0000005662441,2.));
#2439=CARTESIAN_POINT('',(110.003880992408,38.0000005662441,2.));
#2440=CARTESIAN_POINT('',(120.499999001622,38.0000005662441,5.));
#2441=CARTESIAN_POINT('',(120.499999001622,38.0000005662441,0.));
#2442=CARTESIAN_POINT('',(126.257761984816,38.0000005662441,5.));
#2443=CARTESIAN_POINT('',(126.257761984816,38.0000005662441,5.));
#2444=CARTESIAN_POINT('',(126.257761984816,38.0000005662441,0.));
#2445=CARTESIAN_POINT('Origin',(120.499999001622,38.0000005662441,0.));
#2446=CARTESIAN_POINT('',(120.499999001622,8.00000011920929,2.));
#2447=CARTESIAN_POINT('',(120.499999001622,49.3750002831221,2.));
#2448=CARTESIAN_POINT('',(120.499999001622,8.00000011920929,5.));
#2449=CARTESIAN_POINT('',(120.499999001622,8.00000011920929,0.));
#2450=CARTESIAN_POINT('',(120.499999001622,38.0000005662441,5.));
#2451=CARTESIAN_POINT('Origin',(123.378880493219,23.0000003427267,5.));
#2452=CARTESIAN_POINT('',(126.257761984816,8.00000011920929,5.));
#2453=CARTESIAN_POINT('',(120.499999001622,8.00000011920929,5.));
#2454=CARTESIAN_POINT('',(126.257761984816,8.00000011920929,5.));
#2455=CARTESIAN_POINT('',(124.25,11.3610432187799,5.));
#2456=CARTESIAN_POINT('Origin',(122.75,11.3610432187799,5.));
#2457=CARTESIAN_POINT('',(124.249999999999,34.3610432187798,5.));
#2458=CARTESIAN_POINT('Origin',(122.749999999999,34.3610432187798,5.));
#2459=CARTESIAN_POINT('Origin',(126.257761984816,8.00000011920929,0.));
#2460=CARTESIAN_POINT('',(126.257761984816,8.00000011920929,2.));
#2461=CARTESIAN_POINT('',(126.257761984816,34.3750000596046,2.));
#2462=CARTESIAN_POINT('',(126.257761984816,8.00000011920929,0.));
#2463=CARTESIAN_POINT('Origin',(120.499999001622,8.00000011920929,0.));
#2464=CARTESIAN_POINT('',(107.124999500811,8.00000011920929,2.));
#2465=CARTESIAN_POINT('Origin',(67.0000009983778,38.0000005662441,0.));
#2466=CARTESIAN_POINT('',(61.2422380151836,38.0000005662441,2.));
#2467=CARTESIAN_POINT('',(67.0000009983778,38.0000005662441,2.));
#2468=CARTESIAN_POINT('',(80.3750004991889,38.0000005662441,2.));
#2469=CARTESIAN_POINT('',(61.2422380151836,38.0000005662441,5.));
#2470=CARTESIAN_POINT('',(61.2422380151836,38.0000005662441,0.));
#2471=CARTESIAN_POINT('',(67.0000009983778,38.0000005662441,5.));
#2472=CARTESIAN_POINT('',(61.2422380151836,38.0000005662441,5.));
#2473=CARTESIAN_POINT('',(67.0000009983778,38.0000005662441,0.));
#2474=CARTESIAN_POINT('Origin',(61.2422380151836,38.0000005662441,0.));
#2475=CARTESIAN_POINT('',(61.2422380151836,8.00000011920929,2.));
#2476=CARTESIAN_POINT('',(61.2422380151836,49.3750002831221,2.));
#2477=CARTESIAN_POINT('',(61.2422380151836,8.00000011920929,5.));
#2478=CARTESIAN_POINT('',(61.2422380151836,8.00000011920929,0.));
#2479=CARTESIAN_POINT('',(61.2422380151836,8.00000011920929,5.));
#2480=CARTESIAN_POINT('Origin',(64.1211195067807,23.0000003427267,5.));
#2481=CARTESIAN_POINT('',(67.0000009983778,8.00000011920929,5.));
#2482=CARTESIAN_POINT('',(67.0000009983778,8.00000011920929,5.));
#2483=CARTESIAN_POINT('',(67.0000009983778,38.0000005662441,5.));
#2484=CARTESIAN_POINT('',(66.2499999999989,34.3610432187766,5.));
#2485=CARTESIAN_POINT('Origin',(64.7499999999989,34.3610432187766,5.));
#2486=CARTESIAN_POINT('',(66.2500000000002,11.3610432187766,5.));
#2487=CARTESIAN_POINT('Origin',(64.7500000000002,11.3610432187766,5.));
#2488=CARTESIAN_POINT('Origin',(67.0000009983778,8.00000011920929,0.));
#2489=CARTESIAN_POINT('',(67.0000009983778,8.00000011920929,2.));
#2490=CARTESIAN_POINT('',(67.0000009983778,34.3750000596046,2.));
#2491=CARTESIAN_POINT('',(67.0000009983778,8.00000011920929,0.));
#2492=CARTESIAN_POINT('Origin',(61.2422380151836,8.00000011920929,0.));
#2493=CARTESIAN_POINT('',(77.4961190075918,8.00000011920929,2.));
#2494=CARTESIAN_POINT('Origin',(103.75,10.1,0.));
#2495=CARTESIAN_POINT('',(103.75,12.1,2.));
#2496=CARTESIAN_POINT('',(103.75,10.1,2.));
#2497=CARTESIAN_POINT('',(103.75,35.425,2.));
#2498=CARTESIAN_POINT('',(103.75,12.1,6.));
#2499=CARTESIAN_POINT('',(103.75,12.1,0.));
#2500=CARTESIAN_POINT('',(103.75,10.1,6.));
#2501=CARTESIAN_POINT('',(103.75,10.1,6.));
#2502=CARTESIAN_POINT('',(103.75,10.1,0.));
#2503=CARTESIAN_POINT('Origin',(103.75,12.1,0.));
#2504=CARTESIAN_POINT('',(83.75,12.1,2.));
#2505=CARTESIAN_POINT('',(98.75,12.1,2.));
#2506=CARTESIAN_POINT('',(83.75,12.1,6.));
#2507=CARTESIAN_POINT('',(83.75,12.1,0.));
#2508=CARTESIAN_POINT('',(103.75,12.1,6.));
#2509=CARTESIAN_POINT('Origin',(83.75,10.1,0.));
#2510=CARTESIAN_POINT('',(83.75,10.1,2.));
#2511=CARTESIAN_POINT('',(88.75,10.1,2.));
#2512=CARTESIAN_POINT('',(83.75,10.1,6.));
#2513=CARTESIAN_POINT('',(83.75,10.1,6.));
#2514=CARTESIAN_POINT('',(83.75,10.1,0.));
#2515=CARTESIAN_POINT('Origin',(83.75,12.1,0.));
#2516=CARTESIAN_POINT('',(83.75,36.425,2.));
#2517=CARTESIAN_POINT('',(83.75,12.1,6.));
#2518=CARTESIAN_POINT('Origin',(93.75,11.1,6.));
#2519=CARTESIAN_POINT('Origin',(141.070319946134,48.9139563345727,5.5));
#2520=CARTESIAN_POINT('',(141.070319946134,72.5505162698072,5.5));
#2521=CARTESIAN_POINT('',(141.070319946134,48.9139563345727,5.5));
#2522=CARTESIAN_POINT('',(141.070319946134,72.5505162698072,5.5));
#2523=CARTESIAN_POINT('',(141.070319946134,72.5505162698072,7.5));
#2524=CARTESIAN_POINT('',(141.070319946134,72.5505162698072,5.5));
#2525=CARTESIAN_POINT('',(141.070319946134,48.9139563345727,7.5));
#2526=CARTESIAN_POINT('',(141.070319946134,72.5505162698072,7.5));
#2527=CARTESIAN_POINT('',(141.070319946134,48.9139563345727,5.5));
#2528=CARTESIAN_POINT('Origin',(138.785159973067,60.73223630219,5.5));
#2529=CARTESIAN_POINT('',(136.5,48.9139563345727,5.5));
#2530=CARTESIAN_POINT('',(141.070319946134,48.9139563345727,5.5));
#2531=CARTESIAN_POINT('',(136.5,72.5505162698072,5.5));
#2532=CARTESIAN_POINT('',(136.5,54.8230963183813,5.5));
#2533=CARTESIAN_POINT('',(136.5,72.5505162698072,5.5));
#2534=CARTESIAN_POINT('Origin',(136.5,48.9139563345727,2.));
#2535=CARTESIAN_POINT('',(136.5,48.9139563345727,2.));
#2536=CARTESIAN_POINT('',(136.5,48.9139563345727,2.));
#2537=CARTESIAN_POINT('',(136.5,53.75,2.));
#2538=CARTESIAN_POINT('',(136.5,54.8319781672864,2.));
#2539=CARTESIAN_POINT('',(136.5,53.75,3.));
#2540=CARTESIAN_POINT('',(136.5,53.75,2.));
#2541=CARTESIAN_POINT('',(136.5,67.75,3.));
#2542=CARTESIAN_POINT('',(136.5,53.75,3.));
#2543=CARTESIAN_POINT('',(136.5,67.75,2.));
#2544=CARTESIAN_POINT('',(136.5,67.75,2.));
#2545=CARTESIAN_POINT('',(136.5,72.5505162698072,2.));
#2546=CARTESIAN_POINT('',(136.5,54.8319781672864,2.));
#2547=CARTESIAN_POINT('',(136.5,72.5505162698072,2.));
#2548=CARTESIAN_POINT('Origin',(133.5,72.5505162698072,2.));
#2549=CARTESIAN_POINT('',(133.5,48.9139563345727,2.));
#2550=CARTESIAN_POINT('',(133.5,72.5505162698072,2.));
#2551=CARTESIAN_POINT('',(133.5,66.6502581349036,2.));
#2552=CARTESIAN_POINT('',(133.5,48.9139563345727,7.5));
#2553=CARTESIAN_POINT('',(133.5,48.9139563345727,2.));
#2554=CARTESIAN_POINT('',(133.5,72.5505162698072,7.5));
#2555=CARTESIAN_POINT('',(133.5,48.9139563345727,7.5));
#2556=CARTESIAN_POINT('',(133.5,72.5505162698072,2.));
#2557=CARTESIAN_POINT('Origin',(136.5,72.5505162698072,2.));
#2558=CARTESIAN_POINT('',(115.125,72.5505162698072,2.));
#2559=CARTESIAN_POINT('',(136.5,72.5505162698072,7.5));
#2560=CARTESIAN_POINT('Origin',(133.5,48.9139563345727,2.));
#2561=CARTESIAN_POINT('',(113.625,48.9139563345727,2.));
#2562=CARTESIAN_POINT('',(136.5,48.9139563345727,7.5));
#2563=CARTESIAN_POINT('Origin',(135.,60.73223630219,7.5));
#2564=CARTESIAN_POINT('Origin',(93.75,60.75,2.));
#2565=CARTESIAN_POINT('',(187.5,67.75,2.));
#2566=CARTESIAN_POINT('',(140.625,67.75,2.));
#2567=CARTESIAN_POINT('',(187.5,116.5,2.));
#2568=CARTESIAN_POINT('',(187.5,5.,2.));
#2569=CARTESIAN_POINT('',(182.5,121.5,2.));
#2570=CARTESIAN_POINT('Origin',(182.5,116.5,2.));
#2571=CARTESIAN_POINT('',(5.,121.5,2.));
#2572=CARTESIAN_POINT('',(182.5,121.5,2.));
#2573=CARTESIAN_POINT('',(0.,116.5,2.));
#2574=CARTESIAN_POINT('Origin',(5.00000000000001,116.5,2.));
#2575=CARTESIAN_POINT('',(0.,4.99999999999998,2.));
#2576=CARTESIAN_POINT('',(0.,116.5,2.));
#2577=CARTESIAN_POINT('',(5.,-1.11022302462516E-15,2.));
#2578=CARTESIAN_POINT('Origin',(5.,4.99999999999999,2.));
#2579=CARTESIAN_POINT('',(78.75,0.,2.));
#2580=CARTESIAN_POINT('',(5.,-5.55111512312578E-16,2.));
#2581=CARTESIAN_POINT('',(78.75,5.,2.));
#2582=CARTESIAN_POINT('',(78.75,0.,2.));
#2583=CARTESIAN_POINT('',(108.75,5.,2.));
#2584=CARTESIAN_POINT('',(78.75,5.,2.));
#2585=CARTESIAN_POINT('',(108.75,0.,2.));
#2586=CARTESIAN_POINT('',(108.75,0.,2.));
#2587=CARTESIAN_POINT('',(182.5,0.,2.));
#2588=CARTESIAN_POINT('',(5.,-5.55111512312578E-16,2.));
#2589=CARTESIAN_POINT('',(187.5,5.,2.));
#2590=CARTESIAN_POINT('Origin',(182.5,5.00000000000001,2.));
#2591=CARTESIAN_POINT('',(187.5,53.75,2.));
#2592=CARTESIAN_POINT('',(187.5,5.,2.));
#2593=CARTESIAN_POINT('',(115.125,53.75,2.));
#2594=CARTESIAN_POINT('',(182.5,40.,2.));
#2595=CARTESIAN_POINT('',(182.5,10.,2.));
#2596=CARTESIAN_POINT('',(182.5,35.375,2.));
#2597=CARTESIAN_POINT('',(132.5,10.,2.));
#2598=CARTESIAN_POINT('',(113.125,10.,2.));
#2599=CARTESIAN_POINT('',(132.5,12.,2.));
#2600=CARTESIAN_POINT('',(132.5,36.375,2.));
#2601=CARTESIAN_POINT('',(180.5,12.,2.));
#2602=CARTESIAN_POINT('',(137.125,12.,2.));
#2603=CARTESIAN_POINT('',(180.5,40.,2.));
#2604=CARTESIAN_POINT('',(180.5,50.375,2.));
#2605=CARTESIAN_POINT('',(138.125,40.,2.));
#2606=CARTESIAN_POINT('',(172.465143863384,74.999999910593,2.));
#2607=CARTESIAN_POINT('',(77.4999985098839,74.999999910593,2.));
#2608=CARTESIAN_POINT('',(85.6249992549419,74.999999910593,2.));
#2609=CARTESIAN_POINT('',(77.4999985098839,76.9999999403954,2.));
#2610=CARTESIAN_POINT('',(77.4999985098839,68.8749999701977,2.));
#2611=CARTESIAN_POINT('',(172.465143863384,76.9999999403954,2.));
#2612=CARTESIAN_POINT('',(133.107571931692,76.9999999403954,2.));
#2613=CARTESIAN_POINT('',(172.465143863384,67.8749999552965,2.));
#2614=CARTESIAN_POINT('',(48.2645226418972,109.23547744751,2.));
#2615=CARTESIAN_POINT('',(48.2645226418972,107.23547744751,2.));
#2616=CARTESIAN_POINT('',(48.2645226418972,83.9927387237549,2.));
#2617=CARTESIAN_POINT('',(10.7645225822925,107.23547744751,2.));
#2618=CARTESIAN_POINT('',(52.2572612911463,107.23547744751,2.));
#2619=CARTESIAN_POINT('',(10.7645225822925,9.23547595739363,2.));
#2620=CARTESIAN_POINT('',(10.7645225822925,34.9927379786968,2.));
#2621=CARTESIAN_POINT('',(8.76452255249021,9.23547595739363,2.));
#2622=CARTESIAN_POINT('',(51.2572612762451,9.23547595739363,2.));
#2623=CARTESIAN_POINT('',(8.7645225524902,109.23547744751,2.));
#2624=CARTESIAN_POINT('',(8.76452255249019,84.9927387237549,2.));
#2625=CARTESIAN_POINT('',(71.0072613209486,109.23547744751,2.));
#2626=CARTESIAN_POINT('',(177.5,74.999999910593,2.));
#2627=CARTESIAN_POINT('',(175.5,74.999999910593,2.));
#2628=CARTESIAN_POINT('',(134.625,74.999999910593,2.));
#2629=CARTESIAN_POINT('',(175.5,112.499999970198,2.));
#2630=CARTESIAN_POINT('',(175.5,86.6249999850989,2.));
#2631=CARTESIAN_POINT('',(77.4999985098839,112.499999970198,2.));
#2632=CARTESIAN_POINT('',(85.6249992549419,112.499999970198,2.));
#2633=CARTESIAN_POINT('',(77.4999985098839,114.5,2.));
#2634=CARTESIAN_POINT('',(77.4999985098839,87.625,2.));
#2635=CARTESIAN_POINT('',(177.5,114.5,2.));
#2636=CARTESIAN_POINT('',(135.625,114.5,2.));
#2637=CARTESIAN_POINT('',(177.5,67.8749999552965,2.));
#2638=CARTESIAN_POINT('',(46.2645226120949,104.200621310893,2.));
#2639=CARTESIAN_POINT('',(48.2645226418972,104.200621310893,2.));
#2640=CARTESIAN_POINT('',(71.0072613209486,104.200621310893,2.));
#2641=CARTESIAN_POINT('',(48.2645226418972,9.23547595739365,2.));
#2642=CARTESIAN_POINT('',(48.2645226418972,34.9927379786968,2.));
#2643=CARTESIAN_POINT('',(46.2645226120949,9.23547595739365,2.));
#2644=CARTESIAN_POINT('',(70.0072613060475,9.23547595739365,2.));
#2645=CARTESIAN_POINT('',(46.2645226120949,82.4753106554466,2.));
#2646=CARTESIAN_POINT('',(186.21,69.64,2.));
#2647=CARTESIAN_POINT('Origin',(184.96,69.64,2.));
#2648=CARTESIAN_POINT('',(186.21,51.86,2.));
#2649=CARTESIAN_POINT('Origin',(184.96,51.86,2.));
#2650=CARTESIAN_POINT('Origin',(184.96,51.86,2.));
#2651=CARTESIAN_POINT('',(186.21,51.86,6.));
#2652=CARTESIAN_POINT('Origin',(184.96,51.86,6.));
#2653=CARTESIAN_POINT('',(186.21,51.86,2.));
#2654=CARTESIAN_POINT('Origin',(184.96,51.86,6.));
#2655=CARTESIAN_POINT('Origin',(184.96,69.64,2.));
#2656=CARTESIAN_POINT('',(186.21,69.64,6.));
#2657=CARTESIAN_POINT('Origin',(184.96,69.64,6.));
#2658=CARTESIAN_POINT('',(186.21,69.64,2.));
#2659=CARTESIAN_POINT('Origin',(184.96,69.64,6.));
#2660=CARTESIAN_POINT('Origin',(136.5,53.75,2.));
#2661=CARTESIAN_POINT('',(187.5,53.75,3.));
#2662=CARTESIAN_POINT('',(187.5,53.75,2.));
#2663=CARTESIAN_POINT('',(187.5,53.75,3.));
#2664=CARTESIAN_POINT('Origin',(187.5,67.75,2.));
#2665=CARTESIAN_POINT('',(187.5,67.75,3.));
#2666=CARTESIAN_POINT('',(136.5,67.75,3.));
#2667=CARTESIAN_POINT('',(187.5,67.75,2.));
#2668=CARTESIAN_POINT('Origin',(162.,60.75,3.));
#2669=CARTESIAN_POINT('',(187.5,67.75,3.));
#2670=CARTESIAN_POINT('Origin',(64.7499999999989,34.3610432187766,2.));
#2671=CARTESIAN_POINT('',(66.2499999999989,34.3610432187766,9.));
#2672=CARTESIAN_POINT('Origin',(64.7499999999989,34.3610432187766,9.));
#2673=CARTESIAN_POINT('',(66.2499999999989,34.3610432187766,2.));
#2674=CARTESIAN_POINT('Origin',(64.7499999999989,34.3610432187766,9.));
#2675=CARTESIAN_POINT('Origin',(122.75,11.3610432187799,2.));
#2676=CARTESIAN_POINT('',(124.25,11.3610432187799,9.));
#2677=CARTESIAN_POINT('Origin',(122.75,11.3610432187799,9.));
#2678=CARTESIAN_POINT('',(124.25,11.3610432187799,2.));
#2679=CARTESIAN_POINT('Origin',(122.75,11.3610432187799,9.));
#2680=CARTESIAN_POINT('Origin',(64.7500000000002,11.3610432187766,2.));
#2681=CARTESIAN_POINT('',(66.2500000000002,11.3610432187766,9.));
#2682=CARTESIAN_POINT('Origin',(64.7500000000002,11.3610432187766,9.));
#2683=CARTESIAN_POINT('',(66.2500000000002,11.3610432187766,2.));
#2684=CARTESIAN_POINT('Origin',(64.7500000000002,11.3610432187766,9.));
#2685=CARTESIAN_POINT('Origin',(122.749999999999,34.3610432187798,2.));
#2686=CARTESIAN_POINT('',(124.249999999999,34.3610432187798,9.));
#2687=CARTESIAN_POINT('Origin',(122.749999999999,34.3610432187798,9.));
#2688=CARTESIAN_POINT('',(124.249999999999,34.3610432187798,2.));
#2689=CARTESIAN_POINT('Origin',(122.749999999999,34.3610432187798,9.));
#2690=CARTESIAN_POINT('Origin',(182.5,10.,2.));
#2691=CARTESIAN_POINT('',(182.5,40.,12.));
#2692=CARTESIAN_POINT('',(182.5,40.,2.));
#2693=CARTESIAN_POINT('',(182.5,10.,12.));
#2694=CARTESIAN_POINT('',(182.5,40.,12.));
#2695=CARTESIAN_POINT('',(182.5,10.,2.));
#2696=CARTESIAN_POINT('Origin',(132.5,10.,2.));
#2697=CARTESIAN_POINT('',(132.5,10.,12.));
#2698=CARTESIAN_POINT('',(182.5,10.,12.));
#2699=CARTESIAN_POINT('',(132.5,10.,2.));
#2700=CARTESIAN_POINT('Origin',(132.5,12.,2.));
#2701=CARTESIAN_POINT('',(132.5,12.,12.));
#2702=CARTESIAN_POINT('',(132.5,10.,12.));
#2703=CARTESIAN_POINT('',(132.5,12.,2.));
#2704=CARTESIAN_POINT('Origin',(180.5,12.,2.));
#2705=CARTESIAN_POINT('',(180.5,12.,12.));
#2706=CARTESIAN_POINT('',(132.5,12.,12.));
#2707=CARTESIAN_POINT('',(180.5,12.,2.));
#2708=CARTESIAN_POINT('Origin',(180.5,40.,2.));
#2709=CARTESIAN_POINT('',(180.5,40.,12.));
#2710=CARTESIAN_POINT('',(180.5,12.,12.));
#2711=CARTESIAN_POINT('',(180.5,40.,2.));
#2712=CARTESIAN_POINT('Origin',(182.5,40.,2.));
#2713=CARTESIAN_POINT('',(180.5,40.,12.));
#2714=CARTESIAN_POINT('Origin',(157.5,25.,12.));
#2715=CARTESIAN_POINT('Origin',(77.4999985098839,74.999999910593,2.));
#2716=CARTESIAN_POINT('',(172.465143863384,74.999999910593,12.));
#2717=CARTESIAN_POINT('',(172.465143863384,74.999999910593,2.));
#2718=CARTESIAN_POINT('',(77.4999985098839,74.999999910593,12.));
#2719=CARTESIAN_POINT('',(172.465143863384,74.999999910593,12.));
#2720=CARTESIAN_POINT('',(77.4999985098839,74.999999910593,2.));
#2721=CARTESIAN_POINT('Origin',(77.4999985098839,76.9999999403954,2.));
#2722=CARTESIAN_POINT('',(77.4999985098839,76.9999999403954,12.));
#2723=CARTESIAN_POINT('',(77.4999985098839,74.999999910593,12.));
#2724=CARTESIAN_POINT('',(77.4999985098839,76.9999999403954,2.));
#2725=CARTESIAN_POINT('Origin',(172.465143863384,76.9999999403954,2.));
#2726=CARTESIAN_POINT('',(172.465143863384,76.9999999403954,12.));
#2727=CARTESIAN_POINT('',(77.4999985098839,76.9999999403954,12.));
#2728=CARTESIAN_POINT('',(172.465143863384,76.9999999403954,2.));
#2729=CARTESIAN_POINT('Origin',(172.465143863384,74.999999910593,2.));
#2730=CARTESIAN_POINT('',(172.465143863384,76.9999999403954,12.));
#2731=CARTESIAN_POINT('Origin',(124.982571186634,75.9999999254942,12.));
#2732=CARTESIAN_POINT('Origin',(48.2645226418972,107.23547744751,2.));
#2733=CARTESIAN_POINT('',(48.2645226418972,109.23547744751,12.));
#2734=CARTESIAN_POINT('',(48.2645226418972,109.23547744751,2.));
#2735=CARTESIAN_POINT('',(48.2645226418972,107.23547744751,12.));
#2736=CARTESIAN_POINT('',(48.2645226418972,109.23547744751,12.));
#2737=CARTESIAN_POINT('',(48.2645226418972,107.23547744751,2.));
#2738=CARTESIAN_POINT('Origin',(10.7645225822925,107.23547744751,2.));
#2739=CARTESIAN_POINT('',(10.7645225822925,107.23547744751,12.));
#2740=CARTESIAN_POINT('',(10.7645225822925,107.23547744751,12.));
#2741=CARTESIAN_POINT('',(10.7645225822925,107.23547744751,2.));
#2742=CARTESIAN_POINT('Origin',(10.7645225822925,9.23547595739363,2.));
#2743=CARTESIAN_POINT('',(10.7645225822925,9.23547595739363,12.));
#2744=CARTESIAN_POINT('',(10.7645225822925,9.23547595739363,12.));
#2745=CARTESIAN_POINT('',(10.7645225822925,9.23547595739363,2.));
#2746=CARTESIAN_POINT('Origin',(8.76452255249021,9.23547595739363,2.));
#2747=CARTESIAN_POINT('',(8.76452255249021,9.23547595739363,12.));
#2748=CARTESIAN_POINT('',(8.76452255249021,9.23547595739363,12.));
#2749=CARTESIAN_POINT('',(8.76452255249021,9.23547595739363,2.));
#2750=CARTESIAN_POINT('Origin',(8.7645225524902,109.23547744751,2.));
#2751=CARTESIAN_POINT('',(8.7645225524902,109.23547744751,12.));
#2752=CARTESIAN_POINT('',(8.7645225524902,109.23547744751,12.));
#2753=CARTESIAN_POINT('',(8.7645225524902,109.23547744751,2.));
#2754=CARTESIAN_POINT('Origin',(48.2645226418972,109.23547744751,2.));
#2755=CARTESIAN_POINT('',(46.2645226120949,109.23547744751,12.));
#2756=CARTESIAN_POINT('Origin',(28.5145225971937,59.2354767024517,12.));
#2757=CARTESIAN_POINT('Origin',(175.5,74.999999910593,2.));
#2758=CARTESIAN_POINT('',(177.5,74.999999910593,12.));
#2759=CARTESIAN_POINT('',(177.5,74.999999910593,2.));
#2760=CARTESIAN_POINT('',(175.5,74.999999910593,12.));
#2761=CARTESIAN_POINT('',(177.5,74.999999910593,12.));
#2762=CARTESIAN_POINT('',(175.5,74.999999910593,2.));
#2763=CARTESIAN_POINT('Origin',(175.5,112.499999970198,2.));
#2764=CARTESIAN_POINT('',(175.5,112.499999970198,12.));
#2765=CARTESIAN_POINT('',(175.5,112.499999970198,12.));
#2766=CARTESIAN_POINT('',(175.5,112.499999970198,2.));
#2767=CARTESIAN_POINT('Origin',(77.4999985098839,112.499999970198,2.));
#2768=CARTESIAN_POINT('',(77.4999985098839,112.499999970198,12.));
#2769=CARTESIAN_POINT('',(77.4999985098839,112.499999970198,12.));
#2770=CARTESIAN_POINT('',(77.4999985098839,112.499999970198,2.));
#2771=CARTESIAN_POINT('Origin',(77.4999985098839,114.5,2.));
#2772=CARTESIAN_POINT('',(77.4999985098839,114.5,12.));
#2773=CARTESIAN_POINT('',(77.4999985098839,114.5,12.));
#2774=CARTESIAN_POINT('',(77.4999985098839,114.5,2.));
#2775=CARTESIAN_POINT('Origin',(177.5,114.5,2.));
#2776=CARTESIAN_POINT('',(177.5,114.5,12.));
#2777=CARTESIAN_POINT('',(177.5,114.5,12.));
#2778=CARTESIAN_POINT('',(177.5,114.5,2.));
#2779=CARTESIAN_POINT('Origin',(177.5,74.999999910593,2.));
#2780=CARTESIAN_POINT('',(177.5,76.9999999403954,12.));
#2781=CARTESIAN_POINT('Origin',(127.499999254942,94.7499999552965,12.));
#2782=CARTESIAN_POINT('Origin',(48.2645226418972,104.200621310893,2.));
#2783=CARTESIAN_POINT('',(46.2645226120949,104.200621310893,12.));
#2784=CARTESIAN_POINT('',(46.2645226120949,104.200621310893,2.));
#2785=CARTESIAN_POINT('',(48.2645226418972,104.200621310893,12.));
#2786=CARTESIAN_POINT('',(46.2645226120949,104.200621310893,12.));
#2787=CARTESIAN_POINT('',(48.2645226418972,104.200621310893,2.));
#2788=CARTESIAN_POINT('Origin',(48.2645226418972,9.23547595739365,2.));
#2789=CARTESIAN_POINT('',(48.2645226418972,9.23547595739365,12.));
#2790=CARTESIAN_POINT('',(48.2645226418972,104.200621310893,12.));
#2791=CARTESIAN_POINT('',(48.2645226418972,9.23547595739365,2.));
#2792=CARTESIAN_POINT('Origin',(46.2645226120949,9.23547595739365,2.));
#2793=CARTESIAN_POINT('',(46.2645226120949,9.23547595739365,12.));
#2794=CARTESIAN_POINT('',(48.2645226418972,9.23547595739365,12.));
#2795=CARTESIAN_POINT('',(46.2645226120949,9.23547595739365,2.));
#2796=CARTESIAN_POINT('Origin',(46.2645226120949,104.200621310893,2.));
#2797=CARTESIAN_POINT('',(46.2645226120949,9.23547595739365,12.));
#2798=CARTESIAN_POINT('Origin',(47.264522626996,56.7180486341435,12.));
#2799=CARTESIAN_POINT('Origin',(108.75,5.,0.));
#2800=CARTESIAN_POINT('',(108.75,0.,0.));
#2801=CARTESIAN_POINT('',(108.75,5.,0.));
#2802=CARTESIAN_POINT('',(108.75,0.,0.));
#2803=CARTESIAN_POINT('',(108.75,0.,0.));
#2804=CARTESIAN_POINT('',(108.75,5.,0.));
#2805=CARTESIAN_POINT('Origin',(78.75,5.,0.));
#2806=CARTESIAN_POINT('',(78.75,5.,0.));
#2807=CARTESIAN_POINT('',(78.75,5.,0.));
#2808=CARTESIAN_POINT('',(78.75,5.,0.));
#2809=CARTESIAN_POINT('Origin',(78.75,0.,0.));
#2810=CARTESIAN_POINT('',(78.75,0.,0.));
#2811=CARTESIAN_POINT('',(78.75,0.,0.));
#2812=CARTESIAN_POINT('',(78.75,0.,0.));
#2813=CARTESIAN_POINT('Origin',(5.,-5.55111512312578E-16,0.));
#2814=CARTESIAN_POINT('',(5.,-1.11022302462516E-15,0.));
#2815=CARTESIAN_POINT('',(5.,-5.55111512312578E-16,0.));
#2816=CARTESIAN_POINT('',(5.,-1.11022302462516E-15,0.));
#2817=CARTESIAN_POINT('Origin',(5.,4.99999999999999,0.));
#2818=CARTESIAN_POINT('',(0.,4.99999999999998,0.));
#2819=CARTESIAN_POINT('Origin',(5.,4.99999999999999,0.));
#2820=CARTESIAN_POINT('',(0.,4.99999999999998,0.));
#2821=CARTESIAN_POINT('Origin',(0.,116.5,0.));
#2822=CARTESIAN_POINT('',(-6.66133814775094E-15,116.5,0.));
#2823=CARTESIAN_POINT('',(0.,116.5,0.));
#2824=CARTESIAN_POINT('',(-6.66133814775094E-15,116.5,0.));
#2825=CARTESIAN_POINT('Origin',(5.00000000000001,116.5,0.));
#2826=CARTESIAN_POINT('',(5.,121.5,0.));
#2827=CARTESIAN_POINT('Origin',(5.00000000000001,116.5,0.));
#2828=CARTESIAN_POINT('',(5.,121.5,0.));
#2829=CARTESIAN_POINT('Origin',(182.5,121.5,0.));
#2830=CARTESIAN_POINT('',(182.5,121.5,0.));
#2831=CARTESIAN_POINT('',(182.5,121.5,0.));
#2832=CARTESIAN_POINT('',(182.5,121.5,0.));
#2833=CARTESIAN_POINT('Origin',(182.5,116.5,0.));
#2834=CARTESIAN_POINT('',(187.5,116.5,0.));
#2835=CARTESIAN_POINT('Origin',(182.5,116.5,0.));
#2836=CARTESIAN_POINT('',(187.5,116.5,0.));
#2837=CARTESIAN_POINT('Origin',(187.5,5.,0.));
#2838=CARTESIAN_POINT('',(187.5,5.,0.));
#2839=CARTESIAN_POINT('',(187.5,5.,0.));
#2840=CARTESIAN_POINT('',(187.5,5.,0.));
#2841=CARTESIAN_POINT('Origin',(182.5,5.00000000000001,0.));
#2842=CARTESIAN_POINT('',(182.5,0.,0.));
#2843=CARTESIAN_POINT('Origin',(182.5,5.00000000000001,0.));
#2844=CARTESIAN_POINT('',(182.5,0.,0.));
#2845=CARTESIAN_POINT('Origin',(108.75,-2.30644924129874E-16,0.));
#2846=CARTESIAN_POINT('',(5.,-5.55111512312578E-16,0.));
#2847=CARTESIAN_POINT('Origin',(93.75,60.75,0.));
#2848=CARTESIAN_POINT('',(126.249999999999,38.06104321878,6.));
#2849=UNCERTAINTY_MEASURE_WITH_UNIT(LENGTH_MEASURE(0.01),#2855,
'DISTANCE_ACCURACY_VALUE',
'Maximum model space distance between geometric entities at asserted c
onnectivities');
#2850=UNCERTAINTY_MEASURE_WITH_UNIT(LENGTH_MEASURE(0.01),#2855,
'DISTANCE_ACCURACY_VALUE',
'Maximum model space distance between geometric entities at asserted c
onnectivities');
#2851=UNCERTAINTY_MEASURE_WITH_UNIT(LENGTH_MEASURE(0.01),#2855,
'DISTANCE_ACCURACY_VALUE',
'Maximum model space distance between geometric entities at asserted c
onnectivities');
#2852=(
GEOMETRIC_REPRESENTATION_CONTEXT(3)
GLOBAL_UNCERTAINTY_ASSIGNED_CONTEXT((#2849))
GLOBAL_UNIT_ASSIGNED_CONTEXT((#2855,#2857,#2858))
REPRESENTATION_CONTEXT('','3D')
);
#2853=(
GEOMETRIC_REPRESENTATION_CONTEXT(3)
GLOBAL_UNCERTAINTY_ASSIGNED_CONTEXT((#2850))
GLOBAL_UNIT_ASSIGNED_CONTEXT((#2855,#2857,#2858))
REPRESENTATION_CONTEXT('','3D')
);
#2854=(
GEOMETRIC_REPRESENTATION_CONTEXT(3)
GLOBAL_UNCERTAINTY_ASSIGNED_CONTEXT((#2851))
GLOBAL_UNIT_ASSIGNED_CONTEXT((#2855,#2857,#2858))
REPRESENTATION_CONTEXT('','3D')
);
#2855=(
LENGTH_UNIT()
NAMED_UNIT(*)
SI_UNIT(.MILLI.,.METRE.)
);
#2856=(
LENGTH_UNIT()
NAMED_UNIT(*)
SI_UNIT($,.METRE.)
);
#2857=(
NAMED_UNIT(*)
PLANE_ANGLE_UNIT()
SI_UNIT($,.RADIAN.)
);
#2858=(
NAMED_UNIT(*)
SI_UNIT($,.STERADIAN.)
SOLID_ANGLE_UNIT()
);
#2859=SHAPE_DEFINITION_REPRESENTATION(#2861,#2864);
#2860=SHAPE_DEFINITION_REPRESENTATION(#2862,#2865);
#2861=PRODUCT_DEFINITION_SHAPE('',$,#2867);
#2862=PRODUCT_DEFINITION_SHAPE('',$,#2868);
#2863=PRODUCT_DEFINITION_SHAPE($,$,#14);
#2864=SHAPE_REPRESENTATION('',(#1769,#1896),#2852);
#2865=SHAPE_REPRESENTATION('',(#1770),#2853);
#2866=PRODUCT_DEFINITION_CONTEXT('part definition',#2874,'design');
#2867=PRODUCT_DEFINITION('Gehaeuse Mittelebene small feather',
'Gehaeuse Mittelebene small feather v11',#2869,#2866);
#2868=PRODUCT_DEFINITION('Adapterplatine Display Gro\X\DF',
'Adapterplatine Display Gro\X\DF v3',#2870,#2866);
#2869=PRODUCT_DEFINITION_FORMATION('',$,#2876);
#2870=PRODUCT_DEFINITION_FORMATION('',$,#2877);
#2871=PRODUCT_RELATED_PRODUCT_CATEGORY(
'Gehaeuse Mittelebene small feather v11',
'Gehaeuse Mittelebene small feather v11',(#2876));
#2872=PRODUCT_RELATED_PRODUCT_CATEGORY(
'Adapterplatine Display Gro\X\DF v3','Adapterplatine Display Gro\X\DF 
v3',(#2877));
#2873=APPLICATION_PROTOCOL_DEFINITION('international standard',
'ap242_managed_model_based_3d_engineering',2011,#2874);
#2874=APPLICATION_CONTEXT('Managed model based 3d engineering');
#2875=PRODUCT_CONTEXT('part definition',#2874,'mechanical');
#2876=PRODUCT('Gehaeuse Mittelebene small feather',
'Gehaeuse Mittelebene small feather v11',$,(#2875));
#2877=PRODUCT('Adapterplatine Display Gro\X\DF',
'Adapterplatine Display Gro\X\DF v3',$,(#2875));
#2878=PRESENTATION_STYLE_ASSIGNMENT((#2879));
#2879=SURFACE_STYLE_USAGE(.BOTH.,#2880);
#2880=SURFACE_SIDE_STYLE('',(#2881));
#2881=SURFACE_STYLE_FILL_AREA(#2882);
#2882=FILL_AREA_STYLE('Steel - Satin',(#2883));
#2883=FILL_AREA_STYLE_COLOUR('Steel - Satin',#2884);
#2884=COLOUR_RGB('Steel - Satin',0.627450980392157,0.627450980392157,0.627450980392157);
ENDSEC;
END-ISO-10303-21;
